CNPJ_CIA;DT_REFER;VERSAO;DENOM_CIA;CD_CVM;GRUPO_DFP;MOEDA;ESCALA_MOEDA;ORDEM_EXERC;DT_INI_EXERC;DT_FIM_EXERC;CD_CONTA;DS_CONTA;VL_CONTA;ST_CONTA_FIXA;ANO
07.689.002/0001-89;2020-12-31;1;EMBRAER S.A.;020087;DF Consolidado - Demonstração do Resultado;REAL;MIL;PENÚLTIMO;2019-01-01;2019-12-31;3.01;Receita de Venda de Bens e/ou Serviços;21802075.0000000000;S;2020
07.689.002/0001-89;2020-12-31;1;EMBRAER S.A.;020087;DF Consolidado - Demonstração do Resultado;REAL;MIL;ÚLTIMO;2020-01-01;2020-12-31;3.01;Receita de Venda de Bens e/ou Serviços;19641764.0000000000;S;2020
07.689.002/0001-89;2020-12-31;1;EMBRAER S.A.;020087;DF Consolidado - Demonstração do Resultado;REAL;MIL;PENÚLTIMO;2019-01-01;2019-12-31;3.02;Custo dos Bens e/ou Serviços Vendidos;-18636605.0000000000;S;2020
07.689.002/0001-89;2020-12-31;1;EMBRAER S.A.;020087;DF Consolidado - Demonstração do Resultado;REAL;MIL;ÚLTIMO;2020-01-01;2020-12-31;3.02;Custo dos Bens e/ou Serviços Vendidos;-17234816.0000000000;S;2020
07.689.002/0001-89;2020-12-31;1;EMBRAER S.A.;020087;DF Consolidado - Demonstração do Resultado;REAL;MIL;PENÚLTIMO;2019-01-01;2019-12-31;3.03;Resultado Bruto;3165470.0000000000;S;2020
07.689.002/0001-89;2020-12-31;1;EMBRAER S.A.;020087;DF Consolidado - Demonstração do Resultado;REAL;MIL;ÚLTIMO;2020-01-01;2020-12-31;3.03;Resultado Bruto;2406948.0000000000;S;2020
07.689.002/0001-89;2020-12-31;1;EMBRAER S.A.;020087;DF Consolidado - Demonstração do Resultado;REAL;MIL;PENÚLTIMO;2019-01-01;2019-12-31;3.04;Despesas/Receitas Operacionais;-3475230.0000000000;S;2020
07.689.002/0001-89;2020-12-31;1;EMBRAER S.A.;020087;DF Consolidado - Demonstração do Resultado;REAL;MIL;ÚLTIMO;2020-01-01;2020-12-31;3.04;Despesas/Receitas Operacionais;-4088021.0000000000;S;2020
07.689.002/0001-89;2020-12-31;1;EMBRAER S.A.;020087;DF Consolidado - Demonstração do Resultado;REAL;MIL;PENÚLTIMO;2019-01-01;2019-12-31;3.04.01;Despesas com Vendas;-1131591.0000000000;S;2020
07.689.002/0001-89;2020-12-31;1;EMBRAER S.A.;020087;DF Consolidado - Demonstração do Resultado;REAL;MIL;ÚLTIMO;2020-01-01;2020-12-31;3.04.01;Despesas com Vendas;-1002572.0000000000;S;2020
07.689.002/0001-89;2020-12-31;1;EMBRAER S.A.;020087;DF Consolidado - Demonstração do Resultado;REAL;MIL;PENÚLTIMO;2019-01-01;2019-12-31;3.04.02;Despesas Gerais e Administrativas;-752456.0000000000;S;2020
07.689.002/0001-89;2020-12-31;1;EMBRAER S.A.;020087;DF Consolidado - Demonstração do Resultado;REAL;MIL;ÚLTIMO;2020-01-01;2020-12-31;3.04.02;Despesas Gerais e Administrativas;-738736.0000000000;S;2020
07.689.002/0001-89;2020-12-31;1;EMBRAER S.A.;020087;DF Consolidado - Demonstração do Resultado;REAL;MIL;PENÚLTIMO;2019-01-01;2019-12-31;3.04.03;Perdas pela Não Recuperabilidade de Ativos;3375.0000000000;S;2020
07.689.002/0001-89;2020-12-31;1;EMBRAER S.A.;020087;DF Consolidado - Demonstração do Resultado;REAL;MIL;ÚLTIMO;2020-01-01;2020-12-31;3.04.03;Perdas pela Não Recuperabilidade de Ativos;-293912.0000000000;S;2020
07.689.002/0001-89;2020-12-31;1;EMBRAER S.A.;020087;DF Consolidado - Demonstração do Resultado;REAL;MIL;PENÚLTIMO;2019-01-01;2019-12-31;3.04.03.01;Ganhos (perdas) líquidas sobre contas a receber e ativos de contrato;3375.0000000000;N;2020
07.689.002/0001-89;2020-12-31;1;EMBRAER S.A.;020087;DF Consolidado - Demonstração do Resultado;REAL;MIL;ÚLTIMO;2020-01-01;2020-12-31;3.04.03.01;Ganhos (perdas) líquidas sobre contas a receber e ativos de contrato;-293912.0000000000;N;2020
07.689.002/0001-89;2020-12-31;1;EMBRAER S.A.;020087;DF Consolidado - Demonstração do Resultado;REAL;MIL;PENÚLTIMO;2019-01-01;2019-12-31;3.04.04;Outras Receitas Operacionais;627891.0000000000;S;2020
07.689.002/0001-89;2020-12-31;1;EMBRAER S.A.;020087;DF Consolidado - Demonstração do Resultado;REAL;MIL;ÚLTIMO;2020-01-01;2020-12-31;3.04.04;Outras Receitas Operacionais;500226.0000000000;S;2020
07.689.002/0001-89;2020-12-31;1;EMBRAER S.A.;020087;DF Consolidado - Demonstração do Resultado;REAL;MIL;PENÚLTIMO;2019-01-01;2019-12-31;3.04.05;Outras Despesas Operacionais;-2221478.0000000000;S;2020
07.689.002/0001-89;2020-12-31;1;EMBRAER S.A.;020087;DF Consolidado - Demonstração do Resultado;REAL;MIL;ÚLTIMO;2020-01-01;2020-12-31;3.04.05;Outras Despesas Operacionais;-2565736.0000000000;S;2020
07.689.002/0001-89;2020-12-31;1;EMBRAER S.A.;020087;DF Consolidado - Demonstração do Resultado;REAL;MIL;PENÚLTIMO;2019-01-01;2019-12-31;3.04.05.01;Pesquisa;-196399.0000000000;N;2020
07.689.002/0001-89;2020-12-31;1;EMBRAER S.A.;020087;DF Consolidado - Demonstração do Resultado;REAL;MIL;ÚLTIMO;2020-01-01;2020-12-31;3.04.05.01;Pesquisa;-155105.0000000000;N;2020
07.689.002/0001-89;2020-12-31;1;EMBRAER S.A.;020087;DF Consolidado - Demonstração do Resultado;REAL;MIL;PENÚLTIMO;2019-01-01;2019-12-31;3.04.05.02;Despesas Operacionais;-2025079.0000000000;N;2020
07.689.002/0001-89;2020-12-31;1;EMBRAER S.A.;020087;DF Consolidado - Demonstração do Resultado;REAL;MIL;ÚLTIMO;2020-01-01;2020-12-31;3.04.05.02;Despesas Operacionais;-2410631.0000000000;N;2020
07.689.002/0001-89;2020-12-31;1;EMBRAER S.A.;020087;DF Consolidado - Demonstração do Resultado;REAL;MIL;PENÚLTIMO;2019-01-01;2019-12-31;3.04.06;Resultado de Equivalência Patrimonial;-971.0000000000;S;2020
07.689.002/0001-89;2020-12-31;1;EMBRAER S.A.;020087;DF Consolidado - Demonstração do Resultado;REAL;MIL;ÚLTIMO;2020-01-01;2020-12-31;3.04.06;Resultado de Equivalência Patrimonial;12709.0000000000;S;2020
07.689.002/0001-89;2020-12-31;1;EMBRAER S.A.;020087;DF Consolidado - Demonstração do Resultado;REAL;MIL;PENÚLTIMO;2019-01-01;2019-12-31;3.05;Resultado Antes do Resultado Financeiro e dos Tributos;-309760.0000000000;S;2020
07.689.002/0001-89;2020-12-31;1;EMBRAER S.A.;020087;DF Consolidado - Demonstração do Resultado;REAL;MIL;ÚLTIMO;2020-01-01;2020-12-31;3.05;Resultado Antes do Resultado Financeiro e dos Tributos;-1681073.0000000000;S;2020
07.689.002/0001-89;2020-12-31;1;EMBRAER S.A.;020087;DF Consolidado - Demonstração do Resultado;REAL;MIL;PENÚLTIMO;2019-01-01;2019-12-31;3.06;Resultado Financeiro;-431038.0000000000;S;2020
07.689.002/0001-89;2020-12-31;1;EMBRAER S.A.;020087;DF Consolidado - Demonstração do Resultado;REAL;MIL;ÚLTIMO;2020-01-01;2020-12-31;3.06;Resultado Financeiro;-1631104.0000000000;S;2020
07.689.002/0001-89;2020-12-31;1;EMBRAER S.A.;020087;DF Consolidado - Demonstração do Resultado;REAL;MIL;PENÚLTIMO;2019-01-01;2019-12-31;3.06.01;Receitas Financeiras;339731.0000000000;S;2020
07.689.002/0001-89;2020-12-31;1;EMBRAER S.A.;020087;DF Consolidado - Demonstração do Resultado;REAL;MIL;ÚLTIMO;2020-01-01;2020-12-31;3.06.01;Receitas Financeiras;-468987.0000000000;S;2020
07.689.002/0001-89;2020-12-31;1;EMBRAER S.A.;020087;DF Consolidado - Demonstração do Resultado;REAL;MIL;PENÚLTIMO;2019-01-01;2019-12-31;3.06.01.01;Variações Monetárias Ativas;-138137.0000000000;N;2020
07.689.002/0001-89;2020-12-31;1;EMBRAER S.A.;020087;DF Consolidado - Demonstração do Resultado;REAL;MIL;ÚLTIMO;2020-01-01;2020-12-31;3.06.01.01;Variações Monetárias Ativas;-635917.0000000000;N;2020
07.689.002/0001-89;2020-12-31;1;EMBRAER S.A.;020087;DF Consolidado - Demonstração do Resultado;REAL;MIL;PENÚLTIMO;2019-01-01;2019-12-31;3.06.01.02;Receitas Financeiras;477868.0000000000;N;2020
07.689.002/0001-89;2020-12-31;1;EMBRAER S.A.;020087;DF Consolidado - Demonstração do Resultado;REAL;MIL;ÚLTIMO;2020-01-01;2020-12-31;3.06.01.02;Receitas Financeiras;166930.0000000000;N;2020
07.689.002/0001-89;2020-12-31;1;EMBRAER S.A.;020087;DF Consolidado - Demonstração do Resultado;REAL;MIL;PENÚLTIMO;2019-01-01;2019-12-31;3.06.02;Despesas Financeiras;-770769.0000000000;S;2020
07.689.002/0001-89;2020-12-31;1;EMBRAER S.A.;020087;DF Consolidado - Demonstração do Resultado;REAL;MIL;ÚLTIMO;2020-01-01;2020-12-31;3.06.02;Despesas Financeiras;-1162117.0000000000;S;2020
07.689.002/0001-89;2020-12-31;1;EMBRAER S.A.;020087;DF Consolidado - Demonstração do Resultado;REAL;MIL;PENÚLTIMO;2019-01-01;2019-12-31;3.06.02.01;Variações Monetárias Passivas;159074.0000000000;N;2020
07.689.002/0001-89;2020-12-31;1;EMBRAER S.A.;020087;DF Consolidado - Demonstração do Resultado;REAL;MIL;ÚLTIMO;2020-01-01;2020-12-31;3.06.02.01;Variações Monetárias Passivas;225314.0000000000;N;2020
07.689.002/0001-89;2020-12-31;1;EMBRAER S.A.;020087;DF Consolidado - Demonstração do Resultado;REAL;MIL;PENÚLTIMO;2019-01-01;2019-12-31;3.06.02.02;Despesas Financeiras;-929843.0000000000;N;2020
07.689.002/0001-89;2020-12-31;1;EMBRAER S.A.;020087;DF Consolidado - Demonstração do Resultado;REAL;MIL;ÚLTIMO;2020-01-01;2020-12-31;3.06.02.02;Despesas Financeiras;-1387431.0000000000;N;2020
07.689.002/0001-89;2020-12-31;1;EMBRAER S.A.;020087;DF Consolidado - Demonstração do Resultado;REAL;MIL;PENÚLTIMO;2019-01-01;2019-12-31;3.07;Resultado Antes dos Tributos sobre o Lucro;-740798.0000000000;S;2020
07.689.002/0001-89;2020-12-31;1;EMBRAER S.A.;020087;DF Consolidado - Demonstração do Resultado;REAL;MIL;ÚLTIMO;2020-01-01;2020-12-31;3.07;Resultado Antes dos Tributos sobre o Lucro;-3312177.0000000000;S;2020
07.689.002/0001-89;2020-12-31;1;EMBRAER S.A.;020087;DF Consolidado - Demonstração do Resultado;REAL;MIL;PENÚLTIMO;2019-01-01;2019-12-31;3.08;Imposto de Renda e Contribuição Social sobre o Lucro;-553288.0000000000;S;2020
07.689.002/0001-89;2020-12-31;1;EMBRAER S.A.;020087;DF Consolidado - Demonstração do Resultado;REAL;MIL;ÚLTIMO;2020-01-01;2020-12-31;3.08;Imposto de Renda e Contribuição Social sobre o Lucro;-284056.0000000000;S;2020
07.689.002/0001-89;2020-12-31;1;EMBRAER S.A.;020087;DF Consolidado - Demonstração do Resultado;REAL;MIL;PENÚLTIMO;2019-01-01;2019-12-31;3.08.01;Corrente;-393332.0000000000;S;2020
07.689.002/0001-89;2020-12-31;1;EMBRAER S.A.;020087;DF Consolidado - Demonstração do Resultado;REAL;MIL;ÚLTIMO;2020-01-01;2020-12-31;3.08.01;Corrente;120393.0000000000;S;2020
07.689.002/0001-89;2020-12-31;1;EMBRAER S.A.;020087;DF Consolidado - Demonstração do Resultado;REAL;MIL;PENÚLTIMO;2019-01-01;2019-12-31;3.08.02;Diferido;-159956.0000000000;S;2020
07.689.002/0001-89;2020-12-31;1;EMBRAER S.A.;020087;DF Consolidado - Demonstração do Resultado;REAL;MIL;ÚLTIMO;2020-01-01;2020-12-31;3.08.02;Diferido;-404449.0000000000;S;2020
07.689.002/0001-89;2020-12-31;1;EMBRAER S.A.;020087;DF Consolidado - Demonstração do Resultado;REAL;MIL;PENÚLTIMO;2019-01-01;2019-12-31;3.09;Resultado Líquido das Operações Continuadas;-1294086.0000000000;S;2020
07.689.002/0001-89;2020-12-31;1;EMBRAER S.A.;020087;DF Consolidado - Demonstração do Resultado;REAL;MIL;ÚLTIMO;2020-01-01;2020-12-31;3.09;Resultado Líquido das Operações Continuadas;-3596233.0000000000;S;2020
07.689.002/0001-89;2020-12-31;1;EMBRAER S.A.;020087;DF Consolidado - Demonstração do Resultado;REAL;MIL;PENÚLTIMO;2019-01-01;2019-12-31;3.10;Resultado Líquido de Operações Descontinuadas;0.0000000000;S;2020
07.689.002/0001-89;2020-12-31;1;EMBRAER S.A.;020087;DF Consolidado - Demonstração do Resultado;REAL;MIL;ÚLTIMO;2020-01-01;2020-12-31;3.10;Resultado Líquido de Operações Descontinuadas;0.0000000000;S;2020
07.689.002/0001-89;2020-12-31;1;EMBRAER S.A.;020087;DF Consolidado - Demonstração do Resultado;REAL;MIL;PENÚLTIMO;2019-01-01;2019-12-31;3.10.01;Lucro/Prejuízo Líquido das Operações Descontinuadas;0.0000000000;S;2020
07.689.002/0001-89;2020-12-31;1;EMBRAER S.A.;020087;DF Consolidado - Demonstração do Resultado;REAL;MIL;ÚLTIMO;2020-01-01;2020-12-31;3.10.01;Lucro/Prejuízo Líquido das Operações Descontinuadas;0.0000000000;S;2020
07.689.002/0001-89;2020-12-31;1;EMBRAER S.A.;020087;DF Consolidado - Demonstração do Resultado;REAL;MIL;PENÚLTIMO;2019-01-01;2019-12-31;3.10.02;Ganhos/Perdas Líquidas sobre Ativos de Operações Descontinuadas;0.0000000000;S;2020
07.689.002/0001-89;2020-12-31;1;EMBRAER S.A.;020087;DF Consolidado - Demonstração do Resultado;REAL;MIL;ÚLTIMO;2020-01-01;2020-12-31;3.10.02;Ganhos/Perdas Líquidas sobre Ativos de Operações Descontinuadas;0.0000000000;S;2020
07.689.002/0001-89;2020-12-31;1;EMBRAER S.A.;020087;DF Consolidado - Demonstração do Resultado;REAL;MIL;PENÚLTIMO;2019-01-01;2019-12-31;3.11;Lucro/Prejuízo Consolidado do Período;-1294086.0000000000;S;2020
07.689.002/0001-89;2020-12-31;1;EMBRAER S.A.;020087;DF Consolidado - Demonstração do Resultado;REAL;MIL;ÚLTIMO;2020-01-01;2020-12-31;3.11;Lucro/Prejuízo Consolidado do Período;-3596233.0000000000;S;2020
07.689.002/0001-89;2020-12-31;1;EMBRAER S.A.;020087;DF Consolidado - Demonstração do Resultado;REAL;MIL;PENÚLTIMO;2019-01-01;2019-12-31;3.11.01;Atribuído a Sócios da Empresa Controladora;-1316797.0000000000;S;2020
07.689.002/0001-89;2020-12-31;1;EMBRAER S.A.;020087;DF Consolidado - Demonstração do Resultado;REAL;MIL;ÚLTIMO;2020-01-01;2020-12-31;3.11.01;Atribuído a Sócios da Empresa Controladora;-3616014.0000000000;S;2020
07.689.002/0001-89;2020-12-31;1;EMBRAER S.A.;020087;DF Consolidado - Demonstração do Resultado;REAL;MIL;PENÚLTIMO;2019-01-01;2019-12-31;3.11.02;Atribuído a Sócios Não Controladores;22711.0000000000;S;2020
07.689.002/0001-89;2020-12-31;1;EMBRAER S.A.;020087;DF Consolidado - Demonstração do Resultado;REAL;MIL;ÚLTIMO;2020-01-01;2020-12-31;3.11.02;Atribuído a Sócios Não Controladores;19781.0000000000;S;2020
07.689.002/0001-89;2020-12-31;1;EMBRAER S.A.;020087;DF Consolidado - Demonstração do Resultado;REAL;MIL;PENÚLTIMO;2019-01-01;2019-12-31;3.99;Lucro por Ação - (Reais / Ação);0.0000000000;N;2020
07.689.002/0001-89;2020-12-31;1;EMBRAER S.A.;020087;DF Consolidado - Demonstração do Resultado;REAL;MIL;ÚLTIMO;2020-01-01;2020-12-31;3.99;Lucro por Ação - (Reais / Ação);0.0000000000;N;2020
07.689.002/0001-89;2020-12-31;1;EMBRAER S.A.;020087;DF Consolidado - Demonstração do Resultado;REAL;MIL;PENÚLTIMO;2019-01-01;2019-12-31;3.99.01;Lucro Básico por Ação;0.0000000000;N;2020
07.689.002/0001-89;2020-12-31;1;EMBRAER S.A.;020087;DF Consolidado - Demonstração do Resultado;REAL;MIL;ÚLTIMO;2020-01-01;2020-12-31;3.99.01;Lucro Básico por Ação;0.0000000000;N;2020
07.689.002/0001-89;2020-12-31;1;EMBRAER S.A.;020087;DF Consolidado - Demonstração do Resultado;REAL;MIL;PENÚLTIMO;2019-01-01;2019-12-31;3.99.01.01;ON;-1.7894900000;N;2020
07.689.002/0001-89;2020-12-31;1;EMBRAER S.A.;020087;DF Consolidado - Demonstração do Resultado;REAL;MIL;ÚLTIMO;2020-01-01;2020-12-31;3.99.01.01;ON;-4.9119700000;N;2020
07.689.002/0001-89;2020-12-31;1;EMBRAER S.A.;020087;DF Consolidado - Demonstração do Resultado;REAL;MIL;PENÚLTIMO;2019-01-01;2019-12-31;3.99.02;Lucro Diluído por Ação;0.0000000000;N;2020
07.689.002/0001-89;2020-12-31;1;EMBRAER S.A.;020087;DF Consolidado - Demonstração do Resultado;REAL;MIL;ÚLTIMO;2020-01-01;2020-12-31;3.99.02;Lucro Diluído por Ação;0.0000000000;N;2020
07.689.002/0001-89;2020-12-31;1;EMBRAER S.A.;020087;DF Consolidado - Demonstração do Resultado;REAL;MIL;PENÚLTIMO;2019-01-01;2019-12-31;3.99.02.01;ON;-1.7894900000;N;2020
07.689.002/0001-89;2020-12-31;1;EMBRAER S.A.;020087;DF Consolidado - Demonstração do Resultado;REAL;MIL;ÚLTIMO;2020-01-01;2020-12-31;3.99.02.01;ON;-4.9119700000;N;2020
07.689.002/0001-89;2021-12-31;1;EMBRAER S.A.;020087;DF Consolidado - Demonstração do Resultado;REAL;MIL;PENÚLTIMO;2020-01-01;2020-12-31;3.01;Receita de Venda de Bens e/ou Serviços;19641764.0000000000;S;2021
07.689.002/0001-89;2021-12-31;1;EMBRAER S.A.;020087;DF Consolidado - Demonstração do Resultado;REAL;MIL;ÚLTIMO;2021-01-01;2021-12-31;3.01;Receita de Venda de Bens e/ou Serviços;22669705.0000000000;S;2021
07.689.002/0001-89;2021-12-31;1;EMBRAER S.A.;020087;DF Consolidado - Demonstração do Resultado;REAL;MIL;PENÚLTIMO;2020-01-01;2020-12-31;3.02;Custo dos Bens e/ou Serviços Vendidos;-17234816.0000000000;S;2021
07.689.002/0001-89;2021-12-31;1;EMBRAER S.A.;020087;DF Consolidado - Demonstração do Resultado;REAL;MIL;ÚLTIMO;2021-01-01;2021-12-31;3.02;Custo dos Bens e/ou Serviços Vendidos;-19130601.0000000000;S;2021
07.689.002/0001-89;2021-12-31;1;EMBRAER S.A.;020087;DF Consolidado - Demonstração do Resultado;REAL;MIL;PENÚLTIMO;2020-01-01;2020-12-31;3.03;Resultado Bruto;2406948.0000000000;S;2021
07.689.002/0001-89;2021-12-31;1;EMBRAER S.A.;020087;DF Consolidado - Demonstração do Resultado;REAL;MIL;ÚLTIMO;2021-01-01;2021-12-31;3.03;Resultado Bruto;3539104.0000000000;S;2021
07.689.002/0001-89;2021-12-31;1;EMBRAER S.A.;020087;DF Consolidado - Demonstração do Resultado;REAL;MIL;PENÚLTIMO;2020-01-01;2020-12-31;3.04;Despesas/Receitas Operacionais;-4088021.0000000000;S;2021
07.689.002/0001-89;2021-12-31;1;EMBRAER S.A.;020087;DF Consolidado - Demonstração do Resultado;REAL;MIL;ÚLTIMO;2021-01-01;2021-12-31;3.04;Despesas/Receitas Operacionais;-2484386.0000000000;S;2021
07.689.002/0001-89;2021-12-31;1;EMBRAER S.A.;020087;DF Consolidado - Demonstração do Resultado;REAL;MIL;PENÚLTIMO;2020-01-01;2020-12-31;3.04.01;Despesas com Vendas;-1002572.0000000000;S;2021
07.689.002/0001-89;2021-12-31;1;EMBRAER S.A.;020087;DF Consolidado - Demonstração do Resultado;REAL;MIL;ÚLTIMO;2021-01-01;2021-12-31;3.04.01;Despesas com Vendas;-1223305.0000000000;S;2021
07.689.002/0001-89;2021-12-31;1;EMBRAER S.A.;020087;DF Consolidado - Demonstração do Resultado;REAL;MIL;PENÚLTIMO;2020-01-01;2020-12-31;3.04.02;Despesas Gerais e Administrativas;-738736.0000000000;S;2021
07.689.002/0001-89;2021-12-31;1;EMBRAER S.A.;020087;DF Consolidado - Demonstração do Resultado;REAL;MIL;ÚLTIMO;2021-01-01;2021-12-31;3.04.02;Despesas Gerais e Administrativas;-827176.0000000000;S;2021
07.689.002/0001-89;2021-12-31;1;EMBRAER S.A.;020087;DF Consolidado - Demonstração do Resultado;REAL;MIL;PENÚLTIMO;2020-01-01;2020-12-31;3.04.03;Perdas pela Não Recuperabilidade de Ativos;-293912.0000000000;S;2021
07.689.002/0001-89;2021-12-31;1;EMBRAER S.A.;020087;DF Consolidado - Demonstração do Resultado;REAL;MIL;ÚLTIMO;2021-01-01;2021-12-31;3.04.03;Perdas pela Não Recuperabilidade de Ativos;70919.0000000000;S;2021
07.689.002/0001-89;2021-12-31;1;EMBRAER S.A.;020087;DF Consolidado - Demonstração do Resultado;REAL;MIL;PENÚLTIMO;2020-01-01;2020-12-31;3.04.03.01;Ganhos (perdas) líquidas sobre contas a receber e ativos de contrato;-293912.0000000000;N;2021
07.689.002/0001-89;2021-12-31;1;EMBRAER S.A.;020087;DF Consolidado - Demonstração do Resultado;REAL;MIL;ÚLTIMO;2021-01-01;2021-12-31;3.04.03.01;Ganhos (perdas) líquidas sobre contas a receber e ativos de contrato;70919.0000000000;N;2021
07.689.002/0001-89;2021-12-31;1;EMBRAER S.A.;020087;DF Consolidado - Demonstração do Resultado;REAL;MIL;PENÚLTIMO;2020-01-01;2020-12-31;3.04.04;Outras Receitas Operacionais;500226.0000000000;S;2021
07.689.002/0001-89;2021-12-31;1;EMBRAER S.A.;020087;DF Consolidado - Demonstração do Resultado;REAL;MIL;ÚLTIMO;2021-01-01;2021-12-31;3.04.04;Outras Receitas Operacionais;365829.0000000000;S;2021
07.689.002/0001-89;2021-12-31;1;EMBRAER S.A.;020087;DF Consolidado - Demonstração do Resultado;REAL;MIL;PENÚLTIMO;2020-01-01;2020-12-31;3.04.05;Outras Despesas Operacionais;-2565736.0000000000;S;2021
07.689.002/0001-89;2021-12-31;1;EMBRAER S.A.;020087;DF Consolidado - Demonstração do Resultado;REAL;MIL;ÚLTIMO;2021-01-01;2021-12-31;3.04.05;Outras Despesas Operacionais;-876093.0000000000;S;2021
07.689.002/0001-89;2021-12-31;1;EMBRAER S.A.;020087;DF Consolidado - Demonstração do Resultado;REAL;MIL;PENÚLTIMO;2020-01-01;2020-12-31;3.04.05.01;Pesquisa;-155105.0000000000;N;2021
07.689.002/0001-89;2021-12-31;1;EMBRAER S.A.;020087;DF Consolidado - Demonstração do Resultado;REAL;MIL;ÚLTIMO;2021-01-01;2021-12-31;3.04.05.01;Pesquisa;-233402.0000000000;N;2021
07.689.002/0001-89;2021-12-31;1;EMBRAER S.A.;020087;DF Consolidado - Demonstração do Resultado;REAL;MIL;PENÚLTIMO;2020-01-01;2020-12-31;3.04.05.02;Despesas Operacionais;-2410631.0000000000;N;2021
07.689.002/0001-89;2021-12-31;1;EMBRAER S.A.;020087;DF Consolidado - Demonstração do Resultado;REAL;MIL;ÚLTIMO;2021-01-01;2021-12-31;3.04.05.02;Despesas Operacionais;-642691.0000000000;N;2021
07.689.002/0001-89;2021-12-31;1;EMBRAER S.A.;020087;DF Consolidado - Demonstração do Resultado;REAL;MIL;PENÚLTIMO;2020-01-01;2020-12-31;3.04.06;Resultado de Equivalência Patrimonial;12709.0000000000;S;2021
07.689.002/0001-89;2021-12-31;1;EMBRAER S.A.;020087;DF Consolidado - Demonstração do Resultado;REAL;MIL;ÚLTIMO;2021-01-01;2021-12-31;3.04.06;Resultado de Equivalência Patrimonial;5440.0000000000;S;2021
07.689.002/0001-89;2021-12-31;1;EMBRAER S.A.;020087;DF Consolidado - Demonstração do Resultado;REAL;MIL;PENÚLTIMO;2020-01-01;2020-12-31;3.05;Resultado Antes do Resultado Financeiro e dos Tributos;-1681073.0000000000;S;2021
07.689.002/0001-89;2021-12-31;1;EMBRAER S.A.;020087;DF Consolidado - Demonstração do Resultado;REAL;MIL;ÚLTIMO;2021-01-01;2021-12-31;3.05;Resultado Antes do Resultado Financeiro e dos Tributos;1054718.0000000000;S;2021
07.689.002/0001-89;2021-12-31;1;EMBRAER S.A.;020087;DF Consolidado - Demonstração do Resultado;REAL;MIL;PENÚLTIMO;2020-01-01;2020-12-31;3.06;Resultado Financeiro;-1631104.0000000000;S;2021
07.689.002/0001-89;2021-12-31;1;EMBRAER S.A.;020087;DF Consolidado - Demonstração do Resultado;REAL;MIL;ÚLTIMO;2021-01-01;2021-12-31;3.06;Resultado Financeiro;-933265.0000000000;S;2021
07.689.002/0001-89;2021-12-31;1;EMBRAER S.A.;020087;DF Consolidado - Demonstração do Resultado;REAL;MIL;PENÚLTIMO;2020-01-01;2020-12-31;3.06.01;Receitas Financeiras;-468987.0000000000;S;2021
07.689.002/0001-89;2021-12-31;1;EMBRAER S.A.;020087;DF Consolidado - Demonstração do Resultado;REAL;MIL;ÚLTIMO;2021-01-01;2021-12-31;3.06.01;Receitas Financeiras;397365.0000000000;S;2021
07.689.002/0001-89;2021-12-31;1;EMBRAER S.A.;020087;DF Consolidado - Demonstração do Resultado;REAL;MIL;PENÚLTIMO;2020-01-01;2020-12-31;3.06.01.01;Variações Monetárias Ativas;-635917.0000000000;N;2021
07.689.002/0001-89;2021-12-31;1;EMBRAER S.A.;020087;DF Consolidado - Demonstração do Resultado;REAL;MIL;ÚLTIMO;2021-01-01;2021-12-31;3.06.01.01;Variações Monetárias Ativas;-32510.0000000000;N;2021
07.689.002/0001-89;2021-12-31;1;EMBRAER S.A.;020087;DF Consolidado - Demonstração do Resultado;REAL;MIL;PENÚLTIMO;2020-01-01;2020-12-31;3.06.01.02;Receitas Financeiras;166930.0000000000;N;2021
07.689.002/0001-89;2021-12-31;1;EMBRAER S.A.;020087;DF Consolidado - Demonstração do Resultado;REAL;MIL;ÚLTIMO;2021-01-01;2021-12-31;3.06.01.02;Receitas Financeiras;429875.0000000000;N;2021
07.689.002/0001-89;2021-12-31;1;EMBRAER S.A.;020087;DF Consolidado - Demonstração do Resultado;REAL;MIL;PENÚLTIMO;2020-01-01;2020-12-31;3.06.02;Despesas Financeiras;-1162117.0000000000;S;2021
07.689.002/0001-89;2021-12-31;1;EMBRAER S.A.;020087;DF Consolidado - Demonstração do Resultado;REAL;MIL;ÚLTIMO;2021-01-01;2021-12-31;3.06.02;Despesas Financeiras;-1330630.0000000000;S;2021
07.689.002/0001-89;2021-12-31;1;EMBRAER S.A.;020087;DF Consolidado - Demonstração do Resultado;REAL;MIL;PENÚLTIMO;2020-01-01;2020-12-31;3.06.02.01;Variações Monetárias Passivas;225314.0000000000;N;2021
07.689.002/0001-89;2021-12-31;1;EMBRAER S.A.;020087;DF Consolidado - Demonstração do Resultado;REAL;MIL;ÚLTIMO;2021-01-01;2021-12-31;3.06.02.01;Variações Monetárias Passivas;170151.0000000000;N;2021
07.689.002/0001-89;2021-12-31;1;EMBRAER S.A.;020087;DF Consolidado - Demonstração do Resultado;REAL;MIL;PENÚLTIMO;2020-01-01;2020-12-31;3.06.02.02;Despesas Financeiras;-1387431.0000000000;N;2021
07.689.002/0001-89;2021-12-31;1;EMBRAER S.A.;020087;DF Consolidado - Demonstração do Resultado;REAL;MIL;ÚLTIMO;2021-01-01;2021-12-31;3.06.02.02;Despesas Financeiras;-1500781.0000000000;N;2021
07.689.002/0001-89;2021-12-31;1;EMBRAER S.A.;020087;DF Consolidado - Demonstração do Resultado;REAL;MIL;PENÚLTIMO;2020-01-01;2020-12-31;3.07;Resultado Antes dos Tributos sobre o Lucro;-3312177.0000000000;S;2021
07.689.002/0001-89;2021-12-31;1;EMBRAER S.A.;020087;DF Consolidado - Demonstração do Resultado;REAL;MIL;ÚLTIMO;2021-01-01;2021-12-31;3.07;Resultado Antes dos Tributos sobre o Lucro;121453.0000000000;S;2021
07.689.002/0001-89;2021-12-31;1;EMBRAER S.A.;020087;DF Consolidado - Demonstração do Resultado;REAL;MIL;PENÚLTIMO;2020-01-01;2020-12-31;3.08;Imposto de Renda e Contribuição Social sobre o Lucro;-284056.0000000000;S;2021
07.689.002/0001-89;2021-12-31;1;EMBRAER S.A.;020087;DF Consolidado - Demonstração do Resultado;REAL;MIL;ÚLTIMO;2021-01-01;2021-12-31;3.08;Imposto de Renda e Contribuição Social sobre o Lucro;-389071.0000000000;S;2021
07.689.002/0001-89;2021-12-31;1;EMBRAER S.A.;020087;DF Consolidado - Demonstração do Resultado;REAL;MIL;PENÚLTIMO;2020-01-01;2020-12-31;3.08.01;Corrente;120393.0000000000;S;2021
07.689.002/0001-89;2021-12-31;1;EMBRAER S.A.;020087;DF Consolidado - Demonstração do Resultado;REAL;MIL;ÚLTIMO;2021-01-01;2021-12-31;3.08.01;Corrente;-168836.0000000000;S;2021
07.689.002/0001-89;2021-12-31;1;EMBRAER S.A.;020087;DF Consolidado - Demonstração do Resultado;REAL;MIL;PENÚLTIMO;2020-01-01;2020-12-31;3.08.02;Diferido;-404449.0000000000;S;2021
07.689.002/0001-89;2021-12-31;1;EMBRAER S.A.;020087;DF Consolidado - Demonstração do Resultado;REAL;MIL;ÚLTIMO;2021-01-01;2021-12-31;3.08.02;Diferido;-220235.0000000000;S;2021
07.689.002/0001-89;2021-12-31;1;EMBRAER S.A.;020087;DF Consolidado - Demonstração do Resultado;REAL;MIL;PENÚLTIMO;2020-01-01;2020-12-31;3.09;Resultado Líquido das Operações Continuadas;-3596233.0000000000;S;2021
07.689.002/0001-89;2021-12-31;1;EMBRAER S.A.;020087;DF Consolidado - Demonstração do Resultado;REAL;MIL;ÚLTIMO;2021-01-01;2021-12-31;3.09;Resultado Líquido das Operações Continuadas;-267618.0000000000;S;2021
07.689.002/0001-89;2021-12-31;1;EMBRAER S.A.;020087;DF Consolidado - Demonstração do Resultado;REAL;MIL;PENÚLTIMO;2020-01-01;2020-12-31;3.10;Resultado Líquido de Operações Descontinuadas;0.0000000000;S;2021
07.689.002/0001-89;2021-12-31;1;EMBRAER S.A.;020087;DF Consolidado - Demonstração do Resultado;REAL;MIL;ÚLTIMO;2021-01-01;2021-12-31;3.10;Resultado Líquido de Operações Descontinuadas;0.0000000000;S;2021
07.689.002/0001-89;2021-12-31;1;EMBRAER S.A.;020087;DF Consolidado - Demonstração do Resultado;REAL;MIL;PENÚLTIMO;2020-01-01;2020-12-31;3.10.01;Lucro/Prejuízo Líquido das Operações Descontinuadas;0.0000000000;S;2021
07.689.002/0001-89;2021-12-31;1;EMBRAER S.A.;020087;DF Consolidado - Demonstração do Resultado;REAL;MIL;ÚLTIMO;2021-01-01;2021-12-31;3.10.01;Lucro/Prejuízo Líquido das Operações Descontinuadas;0.0000000000;S;2021
07.689.002/0001-89;2021-12-31;1;EMBRAER S.A.;020087;DF Consolidado - Demonstração do Resultado;REAL;MIL;PENÚLTIMO;2020-01-01;2020-12-31;3.10.02;Ganhos/Perdas Líquidas sobre Ativos de Operações Descontinuadas;0.0000000000;S;2021
07.689.002/0001-89;2021-12-31;1;EMBRAER S.A.;020087;DF Consolidado - Demonstração do Resultado;REAL;MIL;ÚLTIMO;2021-01-01;2021-12-31;3.10.02;Ganhos/Perdas Líquidas sobre Ativos de Operações Descontinuadas;0.0000000000;S;2021
07.689.002/0001-89;2021-12-31;1;EMBRAER S.A.;020087;DF Consolidado - Demonstração do Resultado;REAL;MIL;PENÚLTIMO;2020-01-01;2020-12-31;3.11;Lucro/Prejuízo Consolidado do Período;-3596233.0000000000;S;2021
07.689.002/0001-89;2021-12-31;1;EMBRAER S.A.;020087;DF Consolidado - Demonstração do Resultado;REAL;MIL;ÚLTIMO;2021-01-01;2021-12-31;3.11;Lucro/Prejuízo Consolidado do Período;-267618.0000000000;S;2021
07.689.002/0001-89;2021-12-31;1;EMBRAER S.A.;020087;DF Consolidado - Demonstração do Resultado;REAL;MIL;PENÚLTIMO;2020-01-01;2020-12-31;3.11.01;Atribuído a Sócios da Empresa Controladora;-3616014.0000000000;S;2021
07.689.002/0001-89;2021-12-31;1;EMBRAER S.A.;020087;DF Consolidado - Demonstração do Resultado;REAL;MIL;ÚLTIMO;2021-01-01;2021-12-31;3.11.01;Atribuído a Sócios da Empresa Controladora;-274819.0000000000;S;2021
07.689.002/0001-89;2021-12-31;1;EMBRAER S.A.;020087;DF Consolidado - Demonstração do Resultado;REAL;MIL;PENÚLTIMO;2020-01-01;2020-12-31;3.11.02;Atribuído a Sócios Não Controladores;19781.0000000000;S;2021
07.689.002/0001-89;2021-12-31;1;EMBRAER S.A.;020087;DF Consolidado - Demonstração do Resultado;REAL;MIL;ÚLTIMO;2021-01-01;2021-12-31;3.11.02;Atribuído a Sócios Não Controladores;7201.0000000000;S;2021
07.689.002/0001-89;2021-12-31;1;EMBRAER S.A.;020087;DF Consolidado - Demonstração do Resultado;REAL;MIL;PENÚLTIMO;2020-01-01;2020-12-31;3.99;Lucro por Ação - (Reais / Ação);0.0000000000;N;2021
07.689.002/0001-89;2021-12-31;1;EMBRAER S.A.;020087;DF Consolidado - Demonstração do Resultado;REAL;MIL;ÚLTIMO;2021-01-01;2021-12-31;3.99;Lucro por Ação - (Reais / Ação);0.0000000000;N;2021
07.689.002/0001-89;2021-12-31;1;EMBRAER S.A.;020087;DF Consolidado - Demonstração do Resultado;REAL;MIL;PENÚLTIMO;2020-01-01;2020-12-31;3.99.01;Lucro Básico por Ação;0.0000000000;N;2021
07.689.002/0001-89;2021-12-31;1;EMBRAER S.A.;020087;DF Consolidado - Demonstração do Resultado;REAL;MIL;ÚLTIMO;2021-01-01;2021-12-31;3.99.01;Lucro Básico por Ação;0.0000000000;N;2021
07.689.002/0001-89;2021-12-31;1;EMBRAER S.A.;020087;DF Consolidado - Demonstração do Resultado;REAL;MIL;PENÚLTIMO;2020-01-01;2020-12-31;3.99.01.01;ON;-4.9119700000;N;2021
07.689.002/0001-89;2021-12-31;1;EMBRAER S.A.;020087;DF Consolidado - Demonstração do Resultado;REAL;MIL;ÚLTIMO;2021-01-01;2021-12-31;3.99.01.01;ON;-0.3740400000;N;2021
07.689.002/0001-89;2021-12-31;1;EMBRAER S.A.;020087;DF Consolidado - Demonstração do Resultado;REAL;MIL;PENÚLTIMO;2020-01-01;2020-12-31;3.99.02;Lucro Diluído por Ação;0.0000000000;N;2021
07.689.002/0001-89;2021-12-31;1;EMBRAER S.A.;020087;DF Consolidado - Demonstração do Resultado;REAL;MIL;ÚLTIMO;2021-01-01;2021-12-31;3.99.02;Lucro Diluído por Ação;0.0000000000;N;2021
07.689.002/0001-89;2021-12-31;1;EMBRAER S.A.;020087;DF Consolidado - Demonstração do Resultado;REAL;MIL;PENÚLTIMO;2020-01-01;2020-12-31;3.99.02.01;ON;-4.9119700000;N;2021
07.689.002/0001-89;2021-12-31;1;EMBRAER S.A.;020087;DF Consolidado - Demonstração do Resultado;REAL;MIL;ÚLTIMO;2021-01-01;2021-12-31;3.99.02.01;ON;-0.3740400000;N;2021
07.689.002/0001-89;2022-12-31;1;EMBRAER S.A.;020087;DF Consolidado - Demonstração do Resultado;REAL;MIL;PENÚLTIMO;2021-01-01;2021-12-31;3.01;Receita de Venda de Bens e/ou Serviços;22669705.0000000000;S;2022
07.689.002/0001-89;2022-12-31;1;EMBRAER S.A.;020087;DF Consolidado - Demonstração do Resultado;REAL;MIL;ÚLTIMO;2022-01-01;2022-12-31;3.01;Receita de Venda de Bens e/ou Serviços;23448771.0000000000;S;2022
07.689.002/0001-89;2022-12-31;1;EMBRAER S.A.;020087;DF Consolidado - Demonstração do Resultado;REAL;MIL;PENÚLTIMO;2021-01-01;2021-12-31;3.02;Custo dos Bens e/ou Serviços Vendidos;-19130601.0000000000;S;2022
07.689.002/0001-89;2022-12-31;1;EMBRAER S.A.;020087;DF Consolidado - Demonstração do Resultado;REAL;MIL;ÚLTIMO;2022-01-01;2022-12-31;3.02;Custo dos Bens e/ou Serviços Vendidos;-18738793.0000000000;S;2022
07.689.002/0001-89;2022-12-31;1;EMBRAER S.A.;020087;DF Consolidado - Demonstração do Resultado;REAL;MIL;PENÚLTIMO;2021-01-01;2021-12-31;3.03;Resultado Bruto;3539104.0000000000;S;2022
07.689.002/0001-89;2022-12-31;1;EMBRAER S.A.;020087;DF Consolidado - Demonstração do Resultado;REAL;MIL;ÚLTIMO;2022-01-01;2022-12-31;3.03;Resultado Bruto;4709978.0000000000;S;2022
07.689.002/0001-89;2022-12-31;1;EMBRAER S.A.;020087;DF Consolidado - Demonstração do Resultado;REAL;MIL;PENÚLTIMO;2021-01-01;2021-12-31;3.04;Despesas/Receitas Operacionais;-2484386.0000000000;S;2022
07.689.002/0001-89;2022-12-31;1;EMBRAER S.A.;020087;DF Consolidado - Demonstração do Resultado;REAL;MIL;ÚLTIMO;2022-01-01;2022-12-31;3.04;Despesas/Receitas Operacionais;-5265566.0000000000;S;2022
07.689.002/0001-89;2022-12-31;1;EMBRAER S.A.;020087;DF Consolidado - Demonstração do Resultado;REAL;MIL;PENÚLTIMO;2021-01-01;2021-12-31;3.04.01;Despesas com Vendas;-1223305.0000000000;S;2022
07.689.002/0001-89;2022-12-31;1;EMBRAER S.A.;020087;DF Consolidado - Demonstração do Resultado;REAL;MIL;ÚLTIMO;2022-01-01;2022-12-31;3.04.01;Despesas com Vendas;-1416049.0000000000;S;2022
07.689.002/0001-89;2022-12-31;1;EMBRAER S.A.;020087;DF Consolidado - Demonstração do Resultado;REAL;MIL;PENÚLTIMO;2021-01-01;2021-12-31;3.04.02;Despesas Gerais e Administrativas;-827176.0000000000;S;2022
07.689.002/0001-89;2022-12-31;1;EMBRAER S.A.;020087;DF Consolidado - Demonstração do Resultado;REAL;MIL;ÚLTIMO;2022-01-01;2022-12-31;3.04.02;Despesas Gerais e Administrativas;-954194.0000000000;S;2022
07.689.002/0001-89;2022-12-31;1;EMBRAER S.A.;020087;DF Consolidado - Demonstração do Resultado;REAL;MIL;PENÚLTIMO;2021-01-01;2021-12-31;3.04.03;Perdas pela Não Recuperabilidade de Ativos;70919.0000000000;S;2022
07.689.002/0001-89;2022-12-31;1;EMBRAER S.A.;020087;DF Consolidado - Demonstração do Resultado;REAL;MIL;ÚLTIMO;2022-01-01;2022-12-31;3.04.03;Perdas pela Não Recuperabilidade de Ativos;-84749.0000000000;S;2022
07.689.002/0001-89;2022-12-31;1;EMBRAER S.A.;020087;DF Consolidado - Demonstração do Resultado;REAL;MIL;PENÚLTIMO;2021-01-01;2021-12-31;3.04.03.01;Reversão (perda) por redução ao valor recuperável de contas a receber e ativos de contrato;70919.0000000000;N;2022
07.689.002/0001-89;2022-12-31;1;EMBRAER S.A.;020087;DF Consolidado - Demonstração do Resultado;REAL;MIL;ÚLTIMO;2022-01-01;2022-12-31;3.04.03.01;Reversão (perda) por redução ao valor recuperável de contas a receber e ativos de contrato;-84749.0000000000;N;2022
07.689.002/0001-89;2022-12-31;1;EMBRAER S.A.;020087;DF Consolidado - Demonstração do Resultado;REAL;MIL;PENÚLTIMO;2021-01-01;2021-12-31;3.04.04;Outras Receitas Operacionais;365829.0000000000;S;2022
07.689.002/0001-89;2022-12-31;1;EMBRAER S.A.;020087;DF Consolidado - Demonstração do Resultado;REAL;MIL;ÚLTIMO;2022-01-01;2022-12-31;3.04.04;Outras Receitas Operacionais;615190.0000000000;S;2022
07.689.002/0001-89;2022-12-31;1;EMBRAER S.A.;020087;DF Consolidado - Demonstração do Resultado;REAL;MIL;PENÚLTIMO;2021-01-01;2021-12-31;3.04.05;Outras Despesas Operacionais;-876093.0000000000;S;2022
07.689.002/0001-89;2022-12-31;1;EMBRAER S.A.;020087;DF Consolidado - Demonstração do Resultado;REAL;MIL;ÚLTIMO;2022-01-01;2022-12-31;3.04.05;Outras Despesas Operacionais;-3467520.0000000000;S;2022
07.689.002/0001-89;2022-12-31;1;EMBRAER S.A.;020087;DF Consolidado - Demonstração do Resultado;REAL;MIL;PENÚLTIMO;2021-01-01;2021-12-31;3.04.05.01;Pesquisa;-233402.0000000000;N;2022
07.689.002/0001-89;2022-12-31;1;EMBRAER S.A.;020087;DF Consolidado - Demonstração do Resultado;REAL;MIL;ÚLTIMO;2022-01-01;2022-12-31;3.04.05.01;Pesquisa;-566736.0000000000;N;2022
07.689.002/0001-89;2022-12-31;1;EMBRAER S.A.;020087;DF Consolidado - Demonstração do Resultado;REAL;MIL;PENÚLTIMO;2021-01-01;2021-12-31;3.04.05.02;Despesas Operacionais;-642691.0000000000;N;2022
07.689.002/0001-89;2022-12-31;1;EMBRAER S.A.;020087;DF Consolidado - Demonstração do Resultado;REAL;MIL;ÚLTIMO;2022-01-01;2022-12-31;3.04.05.02;Despesas Operacionais;-2900784.0000000000;N;2022
07.689.002/0001-89;2022-12-31;1;EMBRAER S.A.;020087;DF Consolidado - Demonstração do Resultado;REAL;MIL;PENÚLTIMO;2021-01-01;2021-12-31;3.04.06;Resultado de Equivalência Patrimonial;5440.0000000000;S;2022
07.689.002/0001-89;2022-12-31;1;EMBRAER S.A.;020087;DF Consolidado - Demonstração do Resultado;REAL;MIL;ÚLTIMO;2022-01-01;2022-12-31;3.04.06;Resultado de Equivalência Patrimonial;41756.0000000000;S;2022
07.689.002/0001-89;2022-12-31;1;EMBRAER S.A.;020087;DF Consolidado - Demonstração do Resultado;REAL;MIL;PENÚLTIMO;2021-01-01;2021-12-31;3.05;Resultado Antes do Resultado Financeiro e dos Tributos;1054718.0000000000;S;2022
07.689.002/0001-89;2022-12-31;1;EMBRAER S.A.;020087;DF Consolidado - Demonstração do Resultado;REAL;MIL;ÚLTIMO;2022-01-01;2022-12-31;3.05;Resultado Antes do Resultado Financeiro e dos Tributos;-555588.0000000000;S;2022
07.689.002/0001-89;2022-12-31;1;EMBRAER S.A.;020087;DF Consolidado - Demonstração do Resultado;REAL;MIL;PENÚLTIMO;2021-01-01;2021-12-31;3.06;Resultado Financeiro;-933265.0000000000;S;2022
07.689.002/0001-89;2022-12-31;1;EMBRAER S.A.;020087;DF Consolidado - Demonstração do Resultado;REAL;MIL;ÚLTIMO;2022-01-01;2022-12-31;3.06;Resultado Financeiro;-507028.0000000000;S;2022
07.689.002/0001-89;2022-12-31;1;EMBRAER S.A.;020087;DF Consolidado - Demonstração do Resultado;REAL;MIL;PENÚLTIMO;2021-01-01;2021-12-31;3.06.01;Receitas Financeiras;397365.0000000000;S;2022
07.689.002/0001-89;2022-12-31;1;EMBRAER S.A.;020087;DF Consolidado - Demonstração do Resultado;REAL;MIL;ÚLTIMO;2022-01-01;2022-12-31;3.06.01;Receitas Financeiras;830794.0000000000;S;2022
07.689.002/0001-89;2022-12-31;1;EMBRAER S.A.;020087;DF Consolidado - Demonstração do Resultado;REAL;MIL;PENÚLTIMO;2021-01-01;2021-12-31;3.06.01.01;Variações Monetárias Ativas;-32510.0000000000;N;2022
07.689.002/0001-89;2022-12-31;1;EMBRAER S.A.;020087;DF Consolidado - Demonstração do Resultado;REAL;MIL;ÚLTIMO;2022-01-01;2022-12-31;3.06.01.01;Variações Monetárias Ativas;211056.0000000000;N;2022
07.689.002/0001-89;2022-12-31;1;EMBRAER S.A.;020087;DF Consolidado - Demonstração do Resultado;REAL;MIL;PENÚLTIMO;2021-01-01;2021-12-31;3.06.01.02;Receitas Financeiras;429875.0000000000;N;2022
07.689.002/0001-89;2022-12-31;1;EMBRAER S.A.;020087;DF Consolidado - Demonstração do Resultado;REAL;MIL;ÚLTIMO;2022-01-01;2022-12-31;3.06.01.02;Receitas Financeiras;619738.0000000000;N;2022
07.689.002/0001-89;2022-12-31;1;EMBRAER S.A.;020087;DF Consolidado - Demonstração do Resultado;REAL;MIL;PENÚLTIMO;2021-01-01;2021-12-31;3.06.02;Despesas Financeiras;-1330630.0000000000;S;2022
07.689.002/0001-89;2022-12-31;1;EMBRAER S.A.;020087;DF Consolidado - Demonstração do Resultado;REAL;MIL;ÚLTIMO;2022-01-01;2022-12-31;3.06.02;Despesas Financeiras;-1337822.0000000000;S;2022
07.689.002/0001-89;2022-12-31;1;EMBRAER S.A.;020087;DF Consolidado - Demonstração do Resultado;REAL;MIL;PENÚLTIMO;2021-01-01;2021-12-31;3.06.02.01;Variações Monetárias Passivas;170151.0000000000;N;2022
07.689.002/0001-89;2022-12-31;1;EMBRAER S.A.;020087;DF Consolidado - Demonstração do Resultado;REAL;MIL;ÚLTIMO;2022-01-01;2022-12-31;3.06.02.01;Variações Monetárias Passivas;-73250.0000000000;N;2022
07.689.002/0001-89;2022-12-31;1;EMBRAER S.A.;020087;DF Consolidado - Demonstração do Resultado;REAL;MIL;PENÚLTIMO;2021-01-01;2021-12-31;3.06.02.02;Despesas Financeiras;-1500781.0000000000;N;2022
07.689.002/0001-89;2022-12-31;1;EMBRAER S.A.;020087;DF Consolidado - Demonstração do Resultado;REAL;MIL;ÚLTIMO;2022-01-01;2022-12-31;3.06.02.02;Despesas Financeiras;-1264572.0000000000;N;2022
07.689.002/0001-89;2022-12-31;1;EMBRAER S.A.;020087;DF Consolidado - Demonstração do Resultado;REAL;MIL;PENÚLTIMO;2021-01-01;2021-12-31;3.07;Resultado Antes dos Tributos sobre o Lucro;121453.0000000000;S;2022
07.689.002/0001-89;2022-12-31;1;EMBRAER S.A.;020087;DF Consolidado - Demonstração do Resultado;REAL;MIL;ÚLTIMO;2022-01-01;2022-12-31;3.07;Resultado Antes dos Tributos sobre o Lucro;-1062616.0000000000;S;2022
07.689.002/0001-89;2022-12-31;1;EMBRAER S.A.;020087;DF Consolidado - Demonstração do Resultado;REAL;MIL;PENÚLTIMO;2021-01-01;2021-12-31;3.08;Imposto de Renda e Contribuição Social sobre o Lucro;-389071.0000000000;S;2022
07.689.002/0001-89;2022-12-31;1;EMBRAER S.A.;020087;DF Consolidado - Demonstração do Resultado;REAL;MIL;ÚLTIMO;2022-01-01;2022-12-31;3.08;Imposto de Renda e Contribuição Social sobre o Lucro;15403.0000000000;S;2022
07.689.002/0001-89;2022-12-31;1;EMBRAER S.A.;020087;DF Consolidado - Demonstração do Resultado;REAL;MIL;PENÚLTIMO;2021-01-01;2021-12-31;3.08.01;Corrente;-168836.0000000000;S;2022
07.689.002/0001-89;2022-12-31;1;EMBRAER S.A.;020087;DF Consolidado - Demonstração do Resultado;REAL;MIL;ÚLTIMO;2022-01-01;2022-12-31;3.08.01;Corrente;-439721.0000000000;S;2022
07.689.002/0001-89;2022-12-31;1;EMBRAER S.A.;020087;DF Consolidado - Demonstração do Resultado;REAL;MIL;PENÚLTIMO;2021-01-01;2021-12-31;3.08.02;Diferido;-220235.0000000000;S;2022
07.689.002/0001-89;2022-12-31;1;EMBRAER S.A.;020087;DF Consolidado - Demonstração do Resultado;REAL;MIL;ÚLTIMO;2022-01-01;2022-12-31;3.08.02;Diferido;455124.0000000000;S;2022
07.689.002/0001-89;2022-12-31;1;EMBRAER S.A.;020087;DF Consolidado - Demonstração do Resultado;REAL;MIL;PENÚLTIMO;2021-01-01;2021-12-31;3.09;Resultado Líquido das Operações Continuadas;-267618.0000000000;S;2022
07.689.002/0001-89;2022-12-31;1;EMBRAER S.A.;020087;DF Consolidado - Demonstração do Resultado;REAL;MIL;ÚLTIMO;2022-01-01;2022-12-31;3.09;Resultado Líquido das Operações Continuadas;-1047213.0000000000;S;2022
07.689.002/0001-89;2022-12-31;1;EMBRAER S.A.;020087;DF Consolidado - Demonstração do Resultado;REAL;MIL;PENÚLTIMO;2021-01-01;2021-12-31;3.10;Resultado Líquido de Operações Descontinuadas;0.0000000000;S;2022
07.689.002/0001-89;2022-12-31;1;EMBRAER S.A.;020087;DF Consolidado - Demonstração do Resultado;REAL;MIL;ÚLTIMO;2022-01-01;2022-12-31;3.10;Resultado Líquido de Operações Descontinuadas;0.0000000000;S;2022
07.689.002/0001-89;2022-12-31;1;EMBRAER S.A.;020087;DF Consolidado - Demonstração do Resultado;REAL;MIL;PENÚLTIMO;2021-01-01;2021-12-31;3.10.01;Lucro/Prejuízo Líquido das Operações Descontinuadas;0.0000000000;S;2022
07.689.002/0001-89;2022-12-31;1;EMBRAER S.A.;020087;DF Consolidado - Demonstração do Resultado;REAL;MIL;ÚLTIMO;2022-01-01;2022-12-31;3.10.01;Lucro/Prejuízo Líquido das Operações Descontinuadas;0.0000000000;S;2022
07.689.002/0001-89;2022-12-31;1;EMBRAER S.A.;020087;DF Consolidado - Demonstração do Resultado;REAL;MIL;PENÚLTIMO;2021-01-01;2021-12-31;3.10.02;Ganhos/Perdas Líquidas sobre Ativos de Operações Descontinuadas;0.0000000000;S;2022
07.689.002/0001-89;2022-12-31;1;EMBRAER S.A.;020087;DF Consolidado - Demonstração do Resultado;REAL;MIL;ÚLTIMO;2022-01-01;2022-12-31;3.10.02;Ganhos/Perdas Líquidas sobre Ativos de Operações Descontinuadas;0.0000000000;S;2022
07.689.002/0001-89;2022-12-31;1;EMBRAER S.A.;020087;DF Consolidado - Demonstração do Resultado;REAL;MIL;PENÚLTIMO;2021-01-01;2021-12-31;3.11;Lucro/Prejuízo Consolidado do Período;-267618.0000000000;S;2022
07.689.002/0001-89;2022-12-31;1;EMBRAER S.A.;020087;DF Consolidado - Demonstração do Resultado;REAL;MIL;ÚLTIMO;2022-01-01;2022-12-31;3.11;Lucro/Prejuízo Consolidado do Período;-1047213.0000000000;S;2022
07.689.002/0001-89;2022-12-31;1;EMBRAER S.A.;020087;DF Consolidado - Demonstração do Resultado;REAL;MIL;PENÚLTIMO;2021-01-01;2021-12-31;3.11.01;Atribuído a Sócios da Empresa Controladora;-274819.0000000000;S;2022
07.689.002/0001-89;2022-12-31;1;EMBRAER S.A.;020087;DF Consolidado - Demonstração do Resultado;REAL;MIL;ÚLTIMO;2022-01-01;2022-12-31;3.11.01;Atribuído a Sócios da Empresa Controladora;-953656.0000000000;S;2022
07.689.002/0001-89;2022-12-31;1;EMBRAER S.A.;020087;DF Consolidado - Demonstração do Resultado;REAL;MIL;PENÚLTIMO;2021-01-01;2021-12-31;3.11.02;Atribuído a Sócios Não Controladores;7201.0000000000;S;2022
07.689.002/0001-89;2022-12-31;1;EMBRAER S.A.;020087;DF Consolidado - Demonstração do Resultado;REAL;MIL;ÚLTIMO;2022-01-01;2022-12-31;3.11.02;Atribuído a Sócios Não Controladores;-93557.0000000000;S;2022
07.689.002/0001-89;2022-12-31;1;EMBRAER S.A.;020087;DF Consolidado - Demonstração do Resultado;REAL;MIL;PENÚLTIMO;2021-01-01;2021-12-31;3.99;Lucro por Ação - (Reais / Ação);0.0000000000;N;2022
07.689.002/0001-89;2022-12-31;1;EMBRAER S.A.;020087;DF Consolidado - Demonstração do Resultado;REAL;MIL;ÚLTIMO;2022-01-01;2022-12-31;3.99;Lucro por Ação - (Reais / Ação);0.0000000000;N;2022
07.689.002/0001-89;2022-12-31;1;EMBRAER S.A.;020087;DF Consolidado - Demonstração do Resultado;REAL;MIL;PENÚLTIMO;2021-01-01;2021-12-31;3.99.01;Lucro Básico por Ação;0.0000000000;N;2022
07.689.002/0001-89;2022-12-31;1;EMBRAER S.A.;020087;DF Consolidado - Demonstração do Resultado;REAL;MIL;ÚLTIMO;2022-01-01;2022-12-31;3.99.01;Lucro Básico por Ação;0.0000000000;N;2022
07.689.002/0001-89;2022-12-31;1;EMBRAER S.A.;020087;DF Consolidado - Demonstração do Resultado;REAL;MIL;PENÚLTIMO;2021-01-01;2021-12-31;3.99.01.01;ON;-0.3740400000;N;2022
07.689.002/0001-89;2022-12-31;1;EMBRAER S.A.;020087;DF Consolidado - Demonstração do Resultado;REAL;MIL;ÚLTIMO;2022-01-01;2022-12-31;3.99.01.01;ON;-1.2981400000;N;2022
07.689.002/0001-89;2022-12-31;1;EMBRAER S.A.;020087;DF Consolidado - Demonstração do Resultado;REAL;MIL;PENÚLTIMO;2021-01-01;2021-12-31;3.99.02;Lucro Diluído por Ação;0.0000000000;N;2022
07.689.002/0001-89;2022-12-31;1;EMBRAER S.A.;020087;DF Consolidado - Demonstração do Resultado;REAL;MIL;ÚLTIMO;2022-01-01;2022-12-31;3.99.02;Lucro Diluído por Ação;0.0000000000;N;2022
07.689.002/0001-89;2022-12-31;1;EMBRAER S.A.;020087;DF Consolidado - Demonstração do Resultado;REAL;MIL;PENÚLTIMO;2021-01-01;2021-12-31;3.99.02.01;ON;-0.3740400000;N;2022
07.689.002/0001-89;2022-12-31;1;EMBRAER S.A.;020087;DF Consolidado - Demonstração do Resultado;REAL;MIL;ÚLTIMO;2022-01-01;2022-12-31;3.99.02.01;ON;-1.2981400000;N;2022
07.689.002/0001-89;2023-12-31;1;EMBRAER S.A.;020087;DF Consolidado - Demonstração do Resultado;REAL;MIL;PENÚLTIMO;2022-01-01;2022-12-31;3.01;Receita de Venda de Bens e/ou Serviços;23448771.0000000000;S;2023
07.689.002/0001-89;2023-12-31;1;EMBRAER S.A.;020087;DF Consolidado - Demonstração do Resultado;REAL;MIL;ÚLTIMO;2023-01-01;2023-12-31;3.01;Receita de Venda de Bens e/ou Serviços;26110517.0000000000;S;2023
07.689.002/0001-89;2023-12-31;1;EMBRAER S.A.;020087;DF Consolidado - Demonstração do Resultado;REAL;MIL;PENÚLTIMO;2022-01-01;2022-12-31;3.02;Custo dos Bens e/ou Serviços Vendidos;-18738793.0000000000;S;2023
07.689.002/0001-89;2023-12-31;1;EMBRAER S.A.;020087;DF Consolidado - Demonstração do Resultado;REAL;MIL;ÚLTIMO;2023-01-01;2023-12-31;3.02;Custo dos Bens e/ou Serviços Vendidos;-21607123.0000000000;S;2023
07.689.002/0001-89;2023-12-31;1;EMBRAER S.A.;020087;DF Consolidado - Demonstração do Resultado;REAL;MIL;PENÚLTIMO;2022-01-01;2022-12-31;3.03;Resultado Bruto;4709978.0000000000;S;2023
07.689.002/0001-89;2023-12-31;1;EMBRAER S.A.;020087;DF Consolidado - Demonstração do Resultado;REAL;MIL;ÚLTIMO;2023-01-01;2023-12-31;3.03;Resultado Bruto;4503394.0000000000;S;2023
07.689.002/0001-89;2023-12-31;1;EMBRAER S.A.;020087;DF Consolidado - Demonstração do Resultado;REAL;MIL;PENÚLTIMO;2022-01-01;2022-12-31;3.04;Despesas/Receitas Operacionais;-5265566.0000000000;S;2023
07.689.002/0001-89;2023-12-31;1;EMBRAER S.A.;020087;DF Consolidado - Demonstração do Resultado;REAL;MIL;ÚLTIMO;2023-01-01;2023-12-31;3.04;Despesas/Receitas Operacionais;-2980785.0000000000;S;2023
07.689.002/0001-89;2023-12-31;1;EMBRAER S.A.;020087;DF Consolidado - Demonstração do Resultado;REAL;MIL;PENÚLTIMO;2022-01-01;2022-12-31;3.04.01;Despesas com Vendas;-1416049.0000000000;S;2023
07.689.002/0001-89;2023-12-31;1;EMBRAER S.A.;020087;DF Consolidado - Demonstração do Resultado;REAL;MIL;ÚLTIMO;2023-01-01;2023-12-31;3.04.01;Despesas com Vendas;-1569513.0000000000;S;2023
07.689.002/0001-89;2023-12-31;1;EMBRAER S.A.;020087;DF Consolidado - Demonstração do Resultado;REAL;MIL;PENÚLTIMO;2022-01-01;2022-12-31;3.04.02;Despesas Gerais e Administrativas;-954194.0000000000;S;2023
07.689.002/0001-89;2023-12-31;1;EMBRAER S.A.;020087;DF Consolidado - Demonstração do Resultado;REAL;MIL;ÚLTIMO;2023-01-01;2023-12-31;3.04.02;Despesas Gerais e Administrativas;-1022541.0000000000;S;2023
07.689.002/0001-89;2023-12-31;1;EMBRAER S.A.;020087;DF Consolidado - Demonstração do Resultado;REAL;MIL;PENÚLTIMO;2022-01-01;2022-12-31;3.04.03;Perdas pela Não Recuperabilidade de Ativos;-84749.0000000000;S;2023
07.689.002/0001-89;2023-12-31;1;EMBRAER S.A.;020087;DF Consolidado - Demonstração do Resultado;REAL;MIL;ÚLTIMO;2023-01-01;2023-12-31;3.04.03;Perdas pela Não Recuperabilidade de Ativos;48999.0000000000;S;2023
07.689.002/0001-89;2023-12-31;1;EMBRAER S.A.;020087;DF Consolidado - Demonstração do Resultado;REAL;MIL;PENÚLTIMO;2022-01-01;2022-12-31;3.04.03.01;Reversão (perda) de crédito esperada;-84749.0000000000;N;2023
07.689.002/0001-89;2023-12-31;1;EMBRAER S.A.;020087;DF Consolidado - Demonstração do Resultado;REAL;MIL;ÚLTIMO;2023-01-01;2023-12-31;3.04.03.01;Reversão (perda) de crédito esperada;48999.0000000000;N;2023
07.689.002/0001-89;2023-12-31;1;EMBRAER S.A.;020087;DF Consolidado - Demonstração do Resultado;REAL;MIL;PENÚLTIMO;2022-01-01;2022-12-31;3.04.04;Outras Receitas Operacionais;615190.0000000000;S;2023
07.689.002/0001-89;2023-12-31;1;EMBRAER S.A.;020087;DF Consolidado - Demonstração do Resultado;REAL;MIL;ÚLTIMO;2023-01-01;2023-12-31;3.04.04;Outras Receitas Operacionais;745474.0000000000;S;2023
07.689.002/0001-89;2023-12-31;1;EMBRAER S.A.;020087;DF Consolidado - Demonstração do Resultado;REAL;MIL;PENÚLTIMO;2022-01-01;2022-12-31;3.04.05;Outras Despesas Operacionais;-3467520.0000000000;S;2023
07.689.002/0001-89;2023-12-31;1;EMBRAER S.A.;020087;DF Consolidado - Demonstração do Resultado;REAL;MIL;ÚLTIMO;2023-01-01;2023-12-31;3.04.05;Outras Despesas Operacionais;-1233185.0000000000;S;2023
07.689.002/0001-89;2023-12-31;1;EMBRAER S.A.;020087;DF Consolidado - Demonstração do Resultado;REAL;MIL;PENÚLTIMO;2022-01-01;2022-12-31;3.04.05.01;Pesquisa;-566736.0000000000;N;2023
07.689.002/0001-89;2023-12-31;1;EMBRAER S.A.;020087;DF Consolidado - Demonstração do Resultado;REAL;MIL;ÚLTIMO;2023-01-01;2023-12-31;3.04.05.01;Pesquisa;-452755.0000000000;N;2023
07.689.002/0001-89;2023-12-31;1;EMBRAER S.A.;020087;DF Consolidado - Demonstração do Resultado;REAL;MIL;PENÚLTIMO;2022-01-01;2022-12-31;3.04.05.02;Despesas Operacionais;-2900784.0000000000;N;2023
07.689.002/0001-89;2023-12-31;1;EMBRAER S.A.;020087;DF Consolidado - Demonstração do Resultado;REAL;MIL;ÚLTIMO;2023-01-01;2023-12-31;3.04.05.02;Despesas Operacionais;-780430.0000000000;N;2023
07.689.002/0001-89;2023-12-31;1;EMBRAER S.A.;020087;DF Consolidado - Demonstração do Resultado;REAL;MIL;PENÚLTIMO;2022-01-01;2022-12-31;3.04.06;Resultado de Equivalência Patrimonial;41756.0000000000;S;2023
07.689.002/0001-89;2023-12-31;1;EMBRAER S.A.;020087;DF Consolidado - Demonstração do Resultado;REAL;MIL;ÚLTIMO;2023-01-01;2023-12-31;3.04.06;Resultado de Equivalência Patrimonial;49981.0000000000;S;2023
07.689.002/0001-89;2023-12-31;1;EMBRAER S.A.;020087;DF Consolidado - Demonstração do Resultado;REAL;MIL;PENÚLTIMO;2022-01-01;2022-12-31;3.05;Resultado Antes do Resultado Financeiro e dos Tributos;-555588.0000000000;S;2023
07.689.002/0001-89;2023-12-31;1;EMBRAER S.A.;020087;DF Consolidado - Demonstração do Resultado;REAL;MIL;ÚLTIMO;2023-01-01;2023-12-31;3.05;Resultado Antes do Resultado Financeiro e dos Tributos;1522609.0000000000;S;2023
07.689.002/0001-89;2023-12-31;1;EMBRAER S.A.;020087;DF Consolidado - Demonstração do Resultado;REAL;MIL;PENÚLTIMO;2022-01-01;2022-12-31;3.06;Resultado Financeiro;-507028.0000000000;S;2023
07.689.002/0001-89;2023-12-31;1;EMBRAER S.A.;020087;DF Consolidado - Demonstração do Resultado;REAL;MIL;ÚLTIMO;2023-01-01;2023-12-31;3.06;Resultado Financeiro;-963748.0000000000;S;2023
07.689.002/0001-89;2023-12-31;1;EMBRAER S.A.;020087;DF Consolidado - Demonstração do Resultado;REAL;MIL;PENÚLTIMO;2022-01-01;2022-12-31;3.06.01;Receitas Financeiras;830794.0000000000;S;2023
07.689.002/0001-89;2023-12-31;1;EMBRAER S.A.;020087;DF Consolidado - Demonstração do Resultado;REAL;MIL;ÚLTIMO;2023-01-01;2023-12-31;3.06.01;Receitas Financeiras;779690.0000000000;S;2023
07.689.002/0001-89;2023-12-31;1;EMBRAER S.A.;020087;DF Consolidado - Demonstração do Resultado;REAL;MIL;PENÚLTIMO;2022-01-01;2022-12-31;3.06.01.01;Variações Monetárias Ativas;211056.0000000000;N;2023
07.689.002/0001-89;2023-12-31;1;EMBRAER S.A.;020087;DF Consolidado - Demonstração do Resultado;REAL;MIL;ÚLTIMO;2023-01-01;2023-12-31;3.06.01.01;Variações Monetárias Ativas;138972.0000000000;N;2023
07.689.002/0001-89;2023-12-31;1;EMBRAER S.A.;020087;DF Consolidado - Demonstração do Resultado;REAL;MIL;PENÚLTIMO;2022-01-01;2022-12-31;3.06.01.02;Receitas Financeiras;619738.0000000000;N;2023
07.689.002/0001-89;2023-12-31;1;EMBRAER S.A.;020087;DF Consolidado - Demonstração do Resultado;REAL;MIL;ÚLTIMO;2023-01-01;2023-12-31;3.06.01.02;Receitas Financeiras;640718.0000000000;N;2023
07.689.002/0001-89;2023-12-31;1;EMBRAER S.A.;020087;DF Consolidado - Demonstração do Resultado;REAL;MIL;PENÚLTIMO;2022-01-01;2022-12-31;3.06.02;Despesas Financeiras;-1337822.0000000000;S;2023
07.689.002/0001-89;2023-12-31;1;EMBRAER S.A.;020087;DF Consolidado - Demonstração do Resultado;REAL;MIL;ÚLTIMO;2023-01-01;2023-12-31;3.06.02;Despesas Financeiras;-1743438.0000000000;S;2023
07.689.002/0001-89;2023-12-31;1;EMBRAER S.A.;020087;DF Consolidado - Demonstração do Resultado;REAL;MIL;PENÚLTIMO;2022-01-01;2022-12-31;3.06.02.01;Variações Monetárias Passivas;-73250.0000000000;N;2023
07.689.002/0001-89;2023-12-31;1;EMBRAER S.A.;020087;DF Consolidado - Demonstração do Resultado;REAL;MIL;ÚLTIMO;2023-01-01;2023-12-31;3.06.02.01;Variações Monetárias Passivas;-140944.0000000000;N;2023
07.689.002/0001-89;2023-12-31;1;EMBRAER S.A.;020087;DF Consolidado - Demonstração do Resultado;REAL;MIL;PENÚLTIMO;2022-01-01;2022-12-31;3.06.02.02;Despesas Financeiras;-1264572.0000000000;N;2023
07.689.002/0001-89;2023-12-31;1;EMBRAER S.A.;020087;DF Consolidado - Demonstração do Resultado;REAL;MIL;ÚLTIMO;2023-01-01;2023-12-31;3.06.02.02;Despesas Financeiras;-1602494.0000000000;N;2023
07.689.002/0001-89;2023-12-31;1;EMBRAER S.A.;020087;DF Consolidado - Demonstração do Resultado;REAL;MIL;PENÚLTIMO;2022-01-01;2022-12-31;3.07;Resultado Antes dos Tributos sobre o Lucro;-1062616.0000000000;S;2023
07.689.002/0001-89;2023-12-31;1;EMBRAER S.A.;020087;DF Consolidado - Demonstração do Resultado;REAL;MIL;ÚLTIMO;2023-01-01;2023-12-31;3.07;Resultado Antes dos Tributos sobre o Lucro;558861.0000000000;S;2023
07.689.002/0001-89;2023-12-31;1;EMBRAER S.A.;020087;DF Consolidado - Demonstração do Resultado;REAL;MIL;PENÚLTIMO;2022-01-01;2022-12-31;3.08;Imposto de Renda e Contribuição Social sobre o Lucro;15403.0000000000;S;2023
07.689.002/0001-89;2023-12-31;1;EMBRAER S.A.;020087;DF Consolidado - Demonstração do Resultado;REAL;MIL;ÚLTIMO;2023-01-01;2023-12-31;3.08;Imposto de Renda e Contribuição Social sobre o Lucro;225494.0000000000;S;2023
07.689.002/0001-89;2023-12-31;1;EMBRAER S.A.;020087;DF Consolidado - Demonstração do Resultado;REAL;MIL;PENÚLTIMO;2022-01-01;2022-12-31;3.08.01;Corrente;-439721.0000000000;S;2023
07.689.002/0001-89;2023-12-31;1;EMBRAER S.A.;020087;DF Consolidado - Demonstração do Resultado;REAL;MIL;ÚLTIMO;2023-01-01;2023-12-31;3.08.01;Corrente;-537767.0000000000;S;2023
07.689.002/0001-89;2023-12-31;1;EMBRAER S.A.;020087;DF Consolidado - Demonstração do Resultado;REAL;MIL;PENÚLTIMO;2022-01-01;2022-12-31;3.08.02;Diferido;455124.0000000000;S;2023
07.689.002/0001-89;2023-12-31;1;EMBRAER S.A.;020087;DF Consolidado - Demonstração do Resultado;REAL;MIL;ÚLTIMO;2023-01-01;2023-12-31;3.08.02;Diferido;763261.0000000000;S;2023
07.689.002/0001-89;2023-12-31;1;EMBRAER S.A.;020087;DF Consolidado - Demonstração do Resultado;REAL;MIL;PENÚLTIMO;2022-01-01;2022-12-31;3.09;Resultado Líquido das Operações Continuadas;-1047213.0000000000;S;2023
07.689.002/0001-89;2023-12-31;1;EMBRAER S.A.;020087;DF Consolidado - Demonstração do Resultado;REAL;MIL;ÚLTIMO;2023-01-01;2023-12-31;3.09;Resultado Líquido das Operações Continuadas;784355.0000000000;S;2023
07.689.002/0001-89;2023-12-31;1;EMBRAER S.A.;020087;DF Consolidado - Demonstração do Resultado;REAL;MIL;PENÚLTIMO;2022-01-01;2022-12-31;3.10;Resultado Líquido de Operações Descontinuadas;0.0000000000;S;2023
07.689.002/0001-89;2023-12-31;1;EMBRAER S.A.;020087;DF Consolidado - Demonstração do Resultado;REAL;MIL;ÚLTIMO;2023-01-01;2023-12-31;3.10;Resultado Líquido de Operações Descontinuadas;0.0000000000;S;2023
07.689.002/0001-89;2023-12-31;1;EMBRAER S.A.;020087;DF Consolidado - Demonstração do Resultado;REAL;MIL;PENÚLTIMO;2022-01-01;2022-12-31;3.10.01;Lucro/Prejuízo Líquido das Operações Descontinuadas;0.0000000000;S;2023
07.689.002/0001-89;2023-12-31;1;EMBRAER S.A.;020087;DF Consolidado - Demonstração do Resultado;REAL;MIL;ÚLTIMO;2023-01-01;2023-12-31;3.10.01;Lucro/Prejuízo Líquido das Operações Descontinuadas;0.0000000000;S;2023
07.689.002/0001-89;2023-12-31;1;EMBRAER S.A.;020087;DF Consolidado - Demonstração do Resultado;REAL;MIL;PENÚLTIMO;2022-01-01;2022-12-31;3.10.02;Ganhos/Perdas Líquidas sobre Ativos de Operações Descontinuadas;0.0000000000;S;2023
07.689.002/0001-89;2023-12-31;1;EMBRAER S.A.;020087;DF Consolidado - Demonstração do Resultado;REAL;MIL;ÚLTIMO;2023-01-01;2023-12-31;3.10.02;Ganhos/Perdas Líquidas sobre Ativos de Operações Descontinuadas;0.0000000000;S;2023
07.689.002/0001-89;2023-12-31;1;EMBRAER S.A.;020087;DF Consolidado - Demonstração do Resultado;REAL;MIL;PENÚLTIMO;2022-01-01;2022-12-31;3.11;Lucro/Prejuízo Consolidado do Período;-1047213.0000000000;S;2023
07.689.002/0001-89;2023-12-31;1;EMBRAER S.A.;020087;DF Consolidado - Demonstração do Resultado;REAL;MIL;ÚLTIMO;2023-01-01;2023-12-31;3.11;Lucro/Prejuízo Consolidado do Período;784355.0000000000;S;2023
07.689.002/0001-89;2023-12-31;1;EMBRAER S.A.;020087;DF Consolidado - Demonstração do Resultado;REAL;MIL;PENÚLTIMO;2022-01-01;2022-12-31;3.11.01;Atribuído a Sócios da Empresa Controladora;-953656.0000000000;S;2023
07.689.002/0001-89;2023-12-31;1;EMBRAER S.A.;020087;DF Consolidado - Demonstração do Resultado;REAL;MIL;ÚLTIMO;2023-01-01;2023-12-31;3.11.01;Atribuído a Sócios da Empresa Controladora;783559.0000000000;S;2023
07.689.002/0001-89;2023-12-31;1;EMBRAER S.A.;020087;DF Consolidado - Demonstração do Resultado;REAL;MIL;PENÚLTIMO;2022-01-01;2022-12-31;3.11.02;Atribuído a Sócios Não Controladores;-93557.0000000000;S;2023
07.689.002/0001-89;2023-12-31;1;EMBRAER S.A.;020087;DF Consolidado - Demonstração do Resultado;REAL;MIL;ÚLTIMO;2023-01-01;2023-12-31;3.11.02;Atribuído a Sócios Não Controladores;796.0000000000;S;2023
07.689.002/0001-89;2023-12-31;1;EMBRAER S.A.;020087;DF Consolidado - Demonstração do Resultado;REAL;MIL;PENÚLTIMO;2022-01-01;2022-12-31;3.99;Lucro por Ação - (Reais / Ação);0.0000000000;N;2023
07.689.002/0001-89;2023-12-31;1;EMBRAER S.A.;020087;DF Consolidado - Demonstração do Resultado;REAL;MIL;ÚLTIMO;2023-01-01;2023-12-31;3.99;Lucro por Ação - (Reais / Ação);0.0000000000;N;2023
07.689.002/0001-89;2023-12-31;1;EMBRAER S.A.;020087;DF Consolidado - Demonstração do Resultado;REAL;MIL;PENÚLTIMO;2022-01-01;2022-12-31;3.99.01;Lucro Básico por Ação;0.0000000000;N;2023
07.689.002/0001-89;2023-12-31;1;EMBRAER S.A.;020087;DF Consolidado - Demonstração do Resultado;REAL;MIL;ÚLTIMO;2023-01-01;2023-12-31;3.99.01;Lucro Básico por Ação;0.0000000000;N;2023
07.689.002/0001-89;2023-12-31;1;EMBRAER S.A.;020087;DF Consolidado - Demonstração do Resultado;REAL;MIL;PENÚLTIMO;2022-01-01;2022-12-31;3.99.01.01;ON;-1.2981400000;N;2023
07.689.002/0001-89;2023-12-31;1;EMBRAER S.A.;020087;DF Consolidado - Demonstração do Resultado;REAL;MIL;ÚLTIMO;2023-01-01;2023-12-31;3.99.01.01;ON;1.0666000000;N;2023
07.689.002/0001-89;2023-12-31;1;EMBRAER S.A.;020087;DF Consolidado - Demonstração do Resultado;REAL;MIL;PENÚLTIMO;2022-01-01;2022-12-31;3.99.02;Lucro Diluído por Ação;0.0000000000;N;2023
07.689.002/0001-89;2023-12-31;1;EMBRAER S.A.;020087;DF Consolidado - Demonstração do Resultado;REAL;MIL;ÚLTIMO;2023-01-01;2023-12-31;3.99.02;Lucro Diluído por Ação;0.0000000000;N;2023
07.689.002/0001-89;2023-12-31;1;EMBRAER S.A.;020087;DF Consolidado - Demonstração do Resultado;REAL;MIL;PENÚLTIMO;2022-01-01;2022-12-31;3.99.02.01;ON;-1.2981400000;N;2023
07.689.002/0001-89;2023-12-31;1;EMBRAER S.A.;020087;DF Consolidado - Demonstração do Resultado;REAL;MIL;ÚLTIMO;2023-01-01;2023-12-31;3.99.02.01;ON;1.0666000000;N;2023
07.689.002/0001-89;2024-12-31;1;EMBRAER S.A.;020087;DF Consolidado - Demonstração do Resultado;REAL;MIL;PENÚLTIMO;2023-01-01;2023-12-31;3.01;Receita de Venda de Bens e/ou Serviços;26110517.0000000000;S;2024
07.689.002/0001-89;2024-12-31;1;EMBRAER S.A.;020087;DF Consolidado - Demonstração do Resultado;REAL;MIL;ÚLTIMO;2024-01-01;2024-12-31;3.01;Receita de Venda de Bens e/ou Serviços;35424174.0000000000;S;2024
07.689.002/0001-89;2024-12-31;1;EMBRAER S.A.;020087;DF Consolidado - Demonstração do Resultado;REAL;MIL;PENÚLTIMO;2023-01-01;2023-12-31;3.02;Custo dos Bens e/ou Serviços Vendidos;-21607123.0000000000;S;2024
07.689.002/0001-89;2024-12-31;1;EMBRAER S.A.;020087;DF Consolidado - Demonstração do Resultado;REAL;MIL;ÚLTIMO;2024-01-01;2024-12-31;3.02;Custo dos Bens e/ou Serviços Vendidos;-29041940.0000000000;S;2024
07.689.002/0001-89;2024-12-31;1;EMBRAER S.A.;020087;DF Consolidado - Demonstração do Resultado;REAL;MIL;PENÚLTIMO;2023-01-01;2023-12-31;3.03;Resultado Bruto;4503394.0000000000;S;2024
07.689.002/0001-89;2024-12-31;1;EMBRAER S.A.;020087;DF Consolidado - Demonstração do Resultado;REAL;MIL;ÚLTIMO;2024-01-01;2024-12-31;3.03;Resultado Bruto;6382234.0000000000;S;2024
07.689.002/0001-89;2024-12-31;1;EMBRAER S.A.;020087;DF Consolidado - Demonstração do Resultado;REAL;MIL;PENÚLTIMO;2023-01-01;2023-12-31;3.04;Despesas/Receitas Operacionais;-2980785.0000000000;S;2024
07.689.002/0001-89;2024-12-31;1;EMBRAER S.A.;020087;DF Consolidado - Demonstração do Resultado;REAL;MIL;ÚLTIMO;2024-01-01;2024-12-31;3.04;Despesas/Receitas Operacionais;-2610113.0000000000;S;2024
07.689.002/0001-89;2024-12-31;1;EMBRAER S.A.;020087;DF Consolidado - Demonstração do Resultado;REAL;MIL;PENÚLTIMO;2023-01-01;2023-12-31;3.04.01;Despesas com Vendas;-1569513.0000000000;S;2024
07.689.002/0001-89;2024-12-31;1;EMBRAER S.A.;020087;DF Consolidado - Demonstração do Resultado;REAL;MIL;ÚLTIMO;2024-01-01;2024-12-31;3.04.01;Despesas com Vendas;-1671416.0000000000;S;2024
07.689.002/0001-89;2024-12-31;1;EMBRAER S.A.;020087;DF Consolidado - Demonstração do Resultado;REAL;MIL;PENÚLTIMO;2023-01-01;2023-12-31;3.04.02;Despesas Gerais e Administrativas;-1022541.0000000000;S;2024
07.689.002/0001-89;2024-12-31;1;EMBRAER S.A.;020087;DF Consolidado - Demonstração do Resultado;REAL;MIL;ÚLTIMO;2024-01-01;2024-12-31;3.04.02;Despesas Gerais e Administrativas;-1074842.0000000000;S;2024
07.689.002/0001-89;2024-12-31;1;EMBRAER S.A.;020087;DF Consolidado - Demonstração do Resultado;REAL;MIL;PENÚLTIMO;2023-01-01;2023-12-31;3.04.03;Perdas pela Não Recuperabilidade de Ativos;48999.0000000000;S;2024
07.689.002/0001-89;2024-12-31;1;EMBRAER S.A.;020087;DF Consolidado - Demonstração do Resultado;REAL;MIL;ÚLTIMO;2024-01-01;2024-12-31;3.04.03;Perdas pela Não Recuperabilidade de Ativos;-121576.0000000000;S;2024
07.689.002/0001-89;2024-12-31;1;EMBRAER S.A.;020087;DF Consolidado - Demonstração do Resultado;REAL;MIL;PENÚLTIMO;2023-01-01;2023-12-31;3.04.03.01;Reversão (perda) de crédito esperada;48999.0000000000;N;2024
07.689.002/0001-89;2024-12-31;1;EMBRAER S.A.;020087;DF Consolidado - Demonstração do Resultado;REAL;MIL;ÚLTIMO;2024-01-01;2024-12-31;3.04.03.01;Reversão (perda) de crédito esperada;-121576.0000000000;N;2024
07.689.002/0001-89;2024-12-31;1;EMBRAER S.A.;020087;DF Consolidado - Demonstração do Resultado;REAL;MIL;PENÚLTIMO;2023-01-01;2023-12-31;3.04.04;Outras Receitas Operacionais;844167.0000000000;S;2024
07.689.002/0001-89;2024-12-31;1;EMBRAER S.A.;020087;DF Consolidado - Demonstração do Resultado;REAL;MIL;ÚLTIMO;2024-01-01;2024-12-31;3.04.04;Outras Receitas Operacionais;1455864.0000000000;S;2024
07.689.002/0001-89;2024-12-31;1;EMBRAER S.A.;020087;DF Consolidado - Demonstração do Resultado;REAL;MIL;PENÚLTIMO;2023-01-01;2023-12-31;3.04.05;Outras Despesas Operacionais;-1331878.0000000000;S;2024
07.689.002/0001-89;2024-12-31;1;EMBRAER S.A.;020087;DF Consolidado - Demonstração do Resultado;REAL;MIL;ÚLTIMO;2024-01-01;2024-12-31;3.04.05;Outras Despesas Operacionais;-1174508.0000000000;S;2024
07.689.002/0001-89;2024-12-31;1;EMBRAER S.A.;020087;DF Consolidado - Demonstração do Resultado;REAL;MIL;PENÚLTIMO;2023-01-01;2023-12-31;3.04.05.01;Pesquisa;-452755.0000000000;N;2024
07.689.002/0001-89;2024-12-31;1;EMBRAER S.A.;020087;DF Consolidado - Demonstração do Resultado;REAL;MIL;ÚLTIMO;2024-01-01;2024-12-31;3.04.05.01;Pesquisa;-298148.0000000000;N;2024
07.689.002/0001-89;2024-12-31;1;EMBRAER S.A.;020087;DF Consolidado - Demonstração do Resultado;REAL;MIL;PENÚLTIMO;2023-01-01;2023-12-31;3.04.05.02;Despesas Operacionais;-879123.0000000000;N;2024
07.689.002/0001-89;2024-12-31;1;EMBRAER S.A.;020087;DF Consolidado - Demonstração do Resultado;REAL;MIL;ÚLTIMO;2024-01-01;2024-12-31;3.04.05.02;Despesas Operacionais;-876360.0000000000;N;2024
07.689.002/0001-89;2024-12-31;1;EMBRAER S.A.;020087;DF Consolidado - Demonstração do Resultado;REAL;MIL;PENÚLTIMO;2023-01-01;2023-12-31;3.04.06;Resultado de Equivalência Patrimonial;49981.0000000000;S;2024
07.689.002/0001-89;2024-12-31;1;EMBRAER S.A.;020087;DF Consolidado - Demonstração do Resultado;REAL;MIL;ÚLTIMO;2024-01-01;2024-12-31;3.04.06;Resultado de Equivalência Patrimonial;-23635.0000000000;S;2024
07.689.002/0001-89;2024-12-31;1;EMBRAER S.A.;020087;DF Consolidado - Demonstração do Resultado;REAL;MIL;PENÚLTIMO;2023-01-01;2023-12-31;3.05;Resultado Antes do Resultado Financeiro e dos Tributos;1522609.0000000000;S;2024
07.689.002/0001-89;2024-12-31;1;EMBRAER S.A.;020087;DF Consolidado - Demonstração do Resultado;REAL;MIL;ÚLTIMO;2024-01-01;2024-12-31;3.05;Resultado Antes do Resultado Financeiro e dos Tributos;3772121.0000000000;S;2024
07.689.002/0001-89;2024-12-31;1;EMBRAER S.A.;020087;DF Consolidado - Demonstração do Resultado;REAL;MIL;PENÚLTIMO;2023-01-01;2023-12-31;3.06;Resultado Financeiro;-963748.0000000000;S;2024
07.689.002/0001-89;2024-12-31;1;EMBRAER S.A.;020087;DF Consolidado - Demonstração do Resultado;REAL;MIL;ÚLTIMO;2024-01-01;2024-12-31;3.06;Resultado Financeiro;-663190.0000000000;S;2024
07.689.002/0001-89;2024-12-31;1;EMBRAER S.A.;020087;DF Consolidado - Demonstração do Resultado;REAL;MIL;PENÚLTIMO;2023-01-01;2023-12-31;3.06.01;Receitas Financeiras;974702.0000000000;S;2024
07.689.002/0001-89;2024-12-31;1;EMBRAER S.A.;020087;DF Consolidado - Demonstração do Resultado;REAL;MIL;ÚLTIMO;2024-01-01;2024-12-31;3.06.01;Receitas Financeiras;1122030.0000000000;S;2024
07.689.002/0001-89;2024-12-31;1;EMBRAER S.A.;020087;DF Consolidado - Demonstração do Resultado;REAL;MIL;PENÚLTIMO;2023-01-01;2023-12-31;3.06.01.01;Variações Monetárias Ativas;138972.0000000000;N;2024
07.689.002/0001-89;2024-12-31;1;EMBRAER S.A.;020087;DF Consolidado - Demonstração do Resultado;REAL;MIL;ÚLTIMO;2024-01-01;2024-12-31;3.06.01.01;Variações Monetárias Ativas;-526858.0000000000;N;2024
07.689.002/0001-89;2024-12-31;1;EMBRAER S.A.;020087;DF Consolidado - Demonstração do Resultado;REAL;MIL;PENÚLTIMO;2023-01-01;2023-12-31;3.06.01.02;Receitas Financeiras;835730.0000000000;N;2024
07.689.002/0001-89;2024-12-31;1;EMBRAER S.A.;020087;DF Consolidado - Demonstração do Resultado;REAL;MIL;ÚLTIMO;2024-01-01;2024-12-31;3.06.01.02;Receitas Financeiras;1648888.0000000000;N;2024
07.689.002/0001-89;2024-12-31;1;EMBRAER S.A.;020087;DF Consolidado - Demonstração do Resultado;REAL;MIL;PENÚLTIMO;2023-01-01;2023-12-31;3.06.02;Despesas Financeiras;-1938450.0000000000;S;2024
07.689.002/0001-89;2024-12-31;1;EMBRAER S.A.;020087;DF Consolidado - Demonstração do Resultado;REAL;MIL;ÚLTIMO;2024-01-01;2024-12-31;3.06.02;Despesas Financeiras;-1785220.0000000000;S;2024
07.689.002/0001-89;2024-12-31;1;EMBRAER S.A.;020087;DF Consolidado - Demonstração do Resultado;REAL;MIL;PENÚLTIMO;2023-01-01;2023-12-31;3.06.02.01;Variações Monetárias Passivas;-140944.0000000000;N;2024
07.689.002/0001-89;2024-12-31;1;EMBRAER S.A.;020087;DF Consolidado - Demonstração do Resultado;REAL;MIL;ÚLTIMO;2024-01-01;2024-12-31;3.06.02.01;Variações Monetárias Passivas;494933.0000000000;N;2024
07.689.002/0001-89;2024-12-31;1;EMBRAER S.A.;020087;DF Consolidado - Demonstração do Resultado;REAL;MIL;PENÚLTIMO;2023-01-01;2023-12-31;3.06.02.02;Despesas Financeiras;-1797506.0000000000;N;2024
07.689.002/0001-89;2024-12-31;1;EMBRAER S.A.;020087;DF Consolidado - Demonstração do Resultado;REAL;MIL;ÚLTIMO;2024-01-01;2024-12-31;3.06.02.02;Despesas Financeiras;-2280153.0000000000;N;2024
07.689.002/0001-89;2024-12-31;1;EMBRAER S.A.;020087;DF Consolidado - Demonstração do Resultado;REAL;MIL;PENÚLTIMO;2023-01-01;2023-12-31;3.07;Resultado Antes dos Tributos sobre o Lucro;558861.0000000000;S;2024
07.689.002/0001-89;2024-12-31;1;EMBRAER S.A.;020087;DF Consolidado - Demonstração do Resultado;REAL;MIL;ÚLTIMO;2024-01-01;2024-12-31;3.07;Resultado Antes dos Tributos sobre o Lucro;3108931.0000000000;S;2024
07.689.002/0001-89;2024-12-31;1;EMBRAER S.A.;020087;DF Consolidado - Demonstração do Resultado;REAL;MIL;PENÚLTIMO;2023-01-01;2023-12-31;3.08;Imposto de Renda e Contribuição Social sobre o Lucro;225494.0000000000;S;2024
07.689.002/0001-89;2024-12-31;1;EMBRAER S.A.;020087;DF Consolidado - Demonstração do Resultado;REAL;MIL;ÚLTIMO;2024-01-01;2024-12-31;3.08;Imposto de Renda e Contribuição Social sobre o Lucro;-1185100.0000000000;S;2024
07.689.002/0001-89;2024-12-31;1;EMBRAER S.A.;020087;DF Consolidado - Demonstração do Resultado;REAL;MIL;PENÚLTIMO;2023-01-01;2023-12-31;3.08.01;Corrente;-537767.0000000000;S;2024
07.689.002/0001-89;2024-12-31;1;EMBRAER S.A.;020087;DF Consolidado - Demonstração do Resultado;REAL;MIL;ÚLTIMO;2024-01-01;2024-12-31;3.08.01;Corrente;-506974.0000000000;S;2024
07.689.002/0001-89;2024-12-31;1;EMBRAER S.A.;020087;DF Consolidado - Demonstração do Resultado;REAL;MIL;PENÚLTIMO;2023-01-01;2023-12-31;3.08.02;Diferido;763261.0000000000;S;2024
07.689.002/0001-89;2024-12-31;1;EMBRAER S.A.;020087;DF Consolidado - Demonstração do Resultado;REAL;MIL;ÚLTIMO;2024-01-01;2024-12-31;3.08.02;Diferido;-678126.0000000000;S;2024
07.689.002/0001-89;2024-12-31;1;EMBRAER S.A.;020087;DF Consolidado - Demonstração do Resultado;REAL;MIL;PENÚLTIMO;2023-01-01;2023-12-31;3.09;Resultado Líquido das Operações Continuadas;784355.0000000000;S;2024
07.689.002/0001-89;2024-12-31;1;EMBRAER S.A.;020087;DF Consolidado - Demonstração do Resultado;REAL;MIL;ÚLTIMO;2024-01-01;2024-12-31;3.09;Resultado Líquido das Operações Continuadas;1923831.0000000000;S;2024
07.689.002/0001-89;2024-12-31;1;EMBRAER S.A.;020087;DF Consolidado - Demonstração do Resultado;REAL;MIL;PENÚLTIMO;2023-01-01;2023-12-31;3.10;Resultado Líquido de Operações Descontinuadas;0.0000000000;S;2024
07.689.002/0001-89;2024-12-31;1;EMBRAER S.A.;020087;DF Consolidado - Demonstração do Resultado;REAL;MIL;ÚLTIMO;2024-01-01;2024-12-31;3.10;Resultado Líquido de Operações Descontinuadas;0.0000000000;S;2024
07.689.002/0001-89;2024-12-31;1;EMBRAER S.A.;020087;DF Consolidado - Demonstração do Resultado;REAL;MIL;PENÚLTIMO;2023-01-01;2023-12-31;3.10.01;Lucro/Prejuízo Líquido das Operações Descontinuadas;0.0000000000;S;2024
07.689.002/0001-89;2024-12-31;1;EMBRAER S.A.;020087;DF Consolidado - Demonstração do Resultado;REAL;MIL;ÚLTIMO;2024-01-01;2024-12-31;3.10.01;Lucro/Prejuízo Líquido das Operações Descontinuadas;0.0000000000;S;2024
07.689.002/0001-89;2024-12-31;1;EMBRAER S.A.;020087;DF Consolidado - Demonstração do Resultado;REAL;MIL;PENÚLTIMO;2023-01-01;2023-12-31;3.10.02;Ganhos/Perdas Líquidas sobre Ativos de Operações Descontinuadas;0.0000000000;S;2024
07.689.002/0001-89;2024-12-31;1;EMBRAER S.A.;020087;DF Consolidado - Demonstração do Resultado;REAL;MIL;ÚLTIMO;2024-01-01;2024-12-31;3.10.02;Ganhos/Perdas Líquidas sobre Ativos de Operações Descontinuadas;0.0000000000;S;2024
07.689.002/0001-89;2024-12-31;1;EMBRAER S.A.;020087;DF Consolidado - Demonstração do Resultado;REAL;MIL;PENÚLTIMO;2023-01-01;2023-12-31;3.11;Lucro/Prejuízo Consolidado do Período;784355.0000000000;S;2024
07.689.002/0001-89;2024-12-31;1;EMBRAER S.A.;020087;DF Consolidado - Demonstração do Resultado;REAL;MIL;ÚLTIMO;2024-01-01;2024-12-31;3.11;Lucro/Prejuízo Consolidado do Período;1923831.0000000000;S;2024
07.689.002/0001-89;2024-12-31;1;EMBRAER S.A.;020087;DF Consolidado - Demonstração do Resultado;REAL;MIL;PENÚLTIMO;2023-01-01;2023-12-31;3.11.01;Atribuído a Sócios da Empresa Controladora;783559.0000000000;S;2024
07.689.002/0001-89;2024-12-31;1;EMBRAER S.A.;020087;DF Consolidado - Demonstração do Resultado;REAL;MIL;ÚLTIMO;2024-01-01;2024-12-31;3.11.01;Atribuído a Sócios da Empresa Controladora;1918850.0000000000;S;2024
07.689.002/0001-89;2024-12-31;1;EMBRAER S.A.;020087;DF Consolidado - Demonstração do Resultado;REAL;MIL;PENÚLTIMO;2023-01-01;2023-12-31;3.11.02;Atribuído a Sócios Não Controladores;796.0000000000;S;2024
07.689.002/0001-89;2024-12-31;1;EMBRAER S.A.;020087;DF Consolidado - Demonstração do Resultado;REAL;MIL;ÚLTIMO;2024-01-01;2024-12-31;3.11.02;Atribuído a Sócios Não Controladores;4981.0000000000;S;2024
07.689.002/0001-89;2024-12-31;1;EMBRAER S.A.;020087;DF Consolidado - Demonstração do Resultado;REAL;MIL;PENÚLTIMO;2023-01-01;2023-12-31;3.99;Lucro por Ação - (Reais / Ação);0.0000000000;N;2024
07.689.002/0001-89;2024-12-31;1;EMBRAER S.A.;020087;DF Consolidado - Demonstração do Resultado;REAL;MIL;ÚLTIMO;2024-01-01;2024-12-31;3.99;Lucro por Ação - (Reais / Ação);0.0000000000;N;2024
07.689.002/0001-89;2024-12-31;1;EMBRAER S.A.;020087;DF Consolidado - Demonstração do Resultado;REAL;MIL;PENÚLTIMO;2023-01-01;2023-12-31;3.99.01;Lucro Básico por Ação;0.0000000000;N;2024
07.689.002/0001-89;2024-12-31;1;EMBRAER S.A.;020087;DF Consolidado - Demonstração do Resultado;REAL;MIL;ÚLTIMO;2024-01-01;2024-12-31;3.99.01;Lucro Básico por Ação;0.0000000000;N;2024
07.689.002/0001-89;2024-12-31;1;EMBRAER S.A.;020087;DF Consolidado - Demonstração do Resultado;REAL;MIL;PENÚLTIMO;2023-01-01;2023-12-31;3.99.01.01;ON;1.0666000000;N;2024
07.689.002/0001-89;2024-12-31;1;EMBRAER S.A.;020087;DF Consolidado - Demonstração do Resultado;REAL;MIL;ÚLTIMO;2024-01-01;2024-12-31;3.99.01.01;ON;2.6120000000;N;2024
07.689.002/0001-89;2024-12-31;1;EMBRAER S.A.;020087;DF Consolidado - Demonstração do Resultado;REAL;MIL;PENÚLTIMO;2023-01-01;2023-12-31;3.99.02;Lucro Diluído por Ação;0.0000000000;N;2024
07.689.002/0001-89;2024-12-31;1;EMBRAER S.A.;020087;DF Consolidado - Demonstração do Resultado;REAL;MIL;ÚLTIMO;2024-01-01;2024-12-31;3.99.02;Lucro Diluído por Ação;0.0000000000;N;2024
07.689.002/0001-89;2024-12-31;1;EMBRAER S.A.;020087;DF Consolidado - Demonstração do Resultado;REAL;MIL;PENÚLTIMO;2023-01-01;2023-12-31;3.99.02.01;ON;1.0666000000;N;2024
07.689.002/0001-89;2024-12-31;1;EMBRAER S.A.;020087;DF Consolidado - Demonstração do Resultado;REAL;MIL;ÚLTIMO;2024-01-01;2024-12-31;3.99.02.01;ON;2.6120000000;N;2024
