CNPJ_CIA;DT_REFER;VERSAO;DENOM_CIA;CD_CVM;GRUPO_DFP;MOEDA;ESCALA_MOEDA;ORDEM_EXERC;DT_INI_EXERC;DT_FIM_EXERC;CD_CONTA;DS_CONTA;VL_CONTA;ST_CONTA_FIXA;ANO;VALOR_AJUSTADO
07.689.002/0001-89;2021-12-31;1;EMBRAER S.A.;20087;DF Consolidado - Demonstração do Resultado;REAL;MIL;PENÚLTIMO;2020-01-01;2020-12-31;3.01;Receita de Venda de Bens e/ou Serviços;19641764.0;S;2020;22827248.501454733
07.689.002/0001-89;2021-12-31;1;EMBRAER S.A.;20087;DF Consolidado - Demonstração do Resultado;REAL;MIL;ÚLTIMO;2021-01-01;2021-12-31;3.01;Receita de Venda de Bens e/ou Serviços;22669705.0;S;2021;25011789.942733843
07.689.002/0001-89;2021-12-31;1;EMBRAER S.A.;20087;DF Consolidado - Demonstração do Resultado;REAL;MIL;PENÚLTIMO;2020-01-01;2020-12-31;3.02;Custo dos Bens e/ou Serviços Vendidos;-17234816.0;S;2020;-20029943.731573604
07.689.002/0001-89;2021-12-31;1;EMBRAER S.A.;20087;DF Consolidado - Demonstração do Resultado;REAL;MIL;ÚLTIMO;2021-01-01;2021-12-31;3.02;Custo dos Bens e/ou Serviços Vendidos;-19130601.0;S;2021;-21107048.97528459
07.689.002/0001-89;2021-12-31;1;EMBRAER S.A.;20087;DF Consolidado - Demonstração do Resultado;REAL;MIL;PENÚLTIMO;2020-01-01;2020-12-31;3.03;Resultado Bruto;2406948.0;S;2020;2797304.76988113
07.689.002/0001-89;2021-12-31;1;EMBRAER S.A.;20087;DF Consolidado - Demonstração do Resultado;REAL;MIL;ÚLTIMO;2021-01-01;2021-12-31;3.03;Resultado Bruto;3539104.0;S;2021;3904740.9674492506
07.689.002/0001-89;2021-12-31;1;EMBRAER S.A.;20087;DF Consolidado - Demonstração do Resultado;REAL;MIL;PENÚLTIMO;2020-01-01;2020-12-31;3.04;Despesas/Receitas Operacionais;-4088021.0;S;2020;-4751012.752529023
07.689.002/0001-89;2021-12-31;1;EMBRAER S.A.;20087;DF Consolidado - Demonstração do Resultado;REAL;MIL;ÚLTIMO;2021-01-01;2021-12-31;3.04;Despesas/Receitas Operacionais;-2484386.0;S;2021;-2741056.4349500253
07.689.002/0001-89;2021-12-31;1;EMBRAER S.A.;20087;DF Consolidado - Demonstração do Resultado;REAL;MIL;PENÚLTIMO;2020-01-01;2020-12-31;3.04.01;Despesas com Vendas;-1002572.0;S;2020;-1165168.270253144
07.689.002/0001-89;2021-12-31;1;EMBRAER S.A.;20087;DF Consolidado - Demonstração do Resultado;REAL;MIL;ÚLTIMO;2021-01-01;2021-12-31;3.04.01;Despesas com Vendas;-1223305.0;S;2021;-1349688.8334407539
07.689.002/0001-89;2021-12-31;1;EMBRAER S.A.;20087;DF Consolidado - Demonstração do Resultado;REAL;MIL;PENÚLTIMO;2020-01-01;2020-12-31;3.04.02;Despesas Gerais e Administrativas;-738736.0;S;2020;-858543.5732233961
07.689.002/0001-89;2021-12-31;1;EMBRAER S.A.;20087;DF Consolidado - Demonstração do Resultado;REAL;MIL;ÚLTIMO;2021-01-01;2021-12-31;3.04.02;Despesas Gerais e Administrativas;-827176.0;S;2021;-912634.3883906213
07.689.002/0001-89;2021-12-31;1;EMBRAER S.A.;20087;DF Consolidado - Demonstração do Resultado;REAL;MIL;PENÚLTIMO;2020-01-01;2020-12-31;3.04.03;Perdas pela Não Recuperabilidade de Ativos;-293912.0;S;2020;-341578.39700953354
07.689.002/0001-89;2021-12-31;1;EMBRAER S.A.;20087;DF Consolidado - Demonstração do Resultado;REAL;MIL;ÚLTIMO;2021-01-01;2021-12-31;3.04.03;Perdas pela Não Recuperabilidade de Ativos;70919.0;S;2021;78245.88502359168
07.689.002/0001-89;2021-12-31;1;EMBRAER S.A.;20087;DF Consolidado - Demonstração do Resultado;REAL;MIL;PENÚLTIMO;2020-01-01;2020-12-31;3.04.03.01;Ganhos (perdas) líquidas sobre contas a receber e ativos de contrato;-293912.0;N;2020;-341578.39700953354
07.689.002/0001-89;2021-12-31;1;EMBRAER S.A.;20087;DF Consolidado - Demonstração do Resultado;REAL;MIL;ÚLTIMO;2021-01-01;2021-12-31;3.04.03.01;Ganhos (perdas) líquidas sobre contas a receber e ativos de contrato;70919.0;N;2021;78245.88502359168
07.689.002/0001-89;2021-12-31;1;EMBRAER S.A.;20087;DF Consolidado - Demonstração do Resultado;REAL;MIL;PENÚLTIMO;2020-01-01;2020-12-31;3.04.04;Outras Receitas Operacionais;500226.0;S;2020;581352.2252323517
07.689.002/0001-89;2021-12-31;1;EMBRAER S.A.;20087;DF Consolidado - Demonstração do Resultado;REAL;MIL;ÚLTIMO;2021-01-01;2021-12-31;3.04.04;Outras Receitas Operacionais;365829.0;S;2021;403624.04817179486
07.689.002/0001-89;2021-12-31;1;EMBRAER S.A.;20087;DF Consolidado - Demonstração do Resultado;REAL;MIL;PENÚLTIMO;2020-01-01;2020-12-31;3.04.05;Outras Despesas Operacionais;-2565736.0;S;2020;-2981844.872035346
07.689.002/0001-89;2021-12-31;1;EMBRAER S.A.;20087;DF Consolidado - Demonstração do Resultado;REAL;MIL;ÚLTIMO;2021-01-01;2021-12-31;3.04.05;Outras Despesas Operacionais;-876093.0;S;2021;-966605.1713641408
07.689.002/0001-89;2021-12-31;1;EMBRAER S.A.;20087;DF Consolidado - Demonstração do Resultado;REAL;MIL;PENÚLTIMO;2020-01-01;2020-12-31;3.04.05.01;Pesquisa;-155105.0;N;2020;-180259.79636137246
07.689.002/0001-89;2021-12-31;1;EMBRAER S.A.;20087;DF Consolidado - Demonstração do Resultado;REAL;MIL;ÚLTIMO;2021-01-01;2021-12-31;3.04.05.01;Pesquisa;-233402.0;N;2021;-257515.56079860608
07.689.002/0001-89;2021-12-31;1;EMBRAER S.A.;20087;DF Consolidado - Demonstração do Resultado;REAL;MIL;PENÚLTIMO;2020-01-01;2020-12-31;3.04.05.02;Despesas Operacionais;-2410631.0;N;2020;-2801585.0756739737
07.689.002/0001-89;2021-12-31;1;EMBRAER S.A.;20087;DF Consolidado - Demonstração do Resultado;REAL;MIL;ÚLTIMO;2021-01-01;2021-12-31;3.04.05.02;Despesas Operacionais;-642691.0;N;2021;-709089.6105655348
07.689.002/0001-89;2021-12-31;1;EMBRAER S.A.;20087;DF Consolidado - Demonstração do Resultado;REAL;MIL;PENÚLTIMO;2020-01-01;2020-12-31;3.04.06;Resultado de Equivalência Patrimonial;12709.0;S;2020;14770.134760044373
07.689.002/0001-89;2021-12-31;1;EMBRAER S.A.;20087;DF Consolidado - Demonstração do Resultado;REAL;MIL;ÚLTIMO;2021-01-01;2021-12-31;3.04.06;Resultado de Equivalência Patrimonial;5440.0;S;2021;6002.0250501041855
07.689.002/0001-89;2021-12-31;1;EMBRAER S.A.;20087;DF Consolidado - Demonstração do Resultado;REAL;MIL;PENÚLTIMO;2020-01-01;2020-12-31;3.05;Resultado Antes do Resultado Financeiro e dos Tributos;-1681073.0;S;2020;-1953707.9826478933
07.689.002/0001-89;2021-12-31;1;EMBRAER S.A.;20087;DF Consolidado - Demonstração do Resultado;REAL;MIL;ÚLTIMO;2021-01-01;2021-12-31;3.05;Resultado Antes do Resultado Financeiro e dos Tributos;1054718.0;S;2021;1163684.5324992253
07.689.002/0001-89;2021-12-31;1;EMBRAER S.A.;20087;DF Consolidado - Demonstração do Resultado;REAL;MIL;PENÚLTIMO;2020-01-01;2020-12-31;3.06;Resultado Financeiro;-1631104.0;S;2020;-1895635.0529268563
07.689.002/0001-89;2021-12-31;1;EMBRAER S.A.;20087;DF Consolidado - Demonstração do Resultado;REAL;MIL;ÚLTIMO;2021-01-01;2021-12-31;3.06;Resultado Financeiro;-933265.0;S;2021;-1029683.8066885079
07.689.002/0001-89;2021-12-31;1;EMBRAER S.A.;20087;DF Consolidado - Demonstração do Resultado;REAL;MIL;PENÚLTIMO;2020-01-01;2020-12-31;3.06.01;Receitas Financeiras;-468987.0;S;2020;-545046.9109063601
07.689.002/0001-89;2021-12-31;1;EMBRAER S.A.;20087;DF Consolidado - Demonstração do Resultado;REAL;MIL;ÚLTIMO;2021-01-01;2021-12-31;3.06.01;Receitas Financeiras;397365.0;S;2021;438418.1404475459
07.689.002/0001-89;2021-12-31;1;EMBRAER S.A.;20087;DF Consolidado - Demonstração do Resultado;REAL;MIL;PENÚLTIMO;2020-01-01;2020-12-31;3.06.01.01;Variações Monetárias Ativas;-635917.0;N;2020;-739049.475663163
07.689.002/0001-89;2021-12-31;1;EMBRAER S.A.;20087;DF Consolidado - Demonstração do Resultado;REAL;MIL;ÚLTIMO;2021-01-01;2021-12-31;3.06.01.01;Variações Monetárias Ativas;-32510.0;N;2021;-35868.71955494248
07.689.002/0001-89;2021-12-31;1;EMBRAER S.A.;20087;DF Consolidado - Demonstração do Resultado;REAL;MIL;PENÚLTIMO;2020-01-01;2020-12-31;3.06.01.02;Receitas Financeiras;166930.0;N;2020;194002.56475680284
07.689.002/0001-89;2021-12-31;1;EMBRAER S.A.;20087;DF Consolidado - Demonstração do Resultado;REAL;MIL;ÚLTIMO;2021-01-01;2021-12-31;3.06.01.02;Receitas Financeiras;429875.0;N;2021;474286.86000248836
07.689.002/0001-89;2021-12-31;1;EMBRAER S.A.;20087;DF Consolidado - Demonstração do Resultado;REAL;MIL;PENÚLTIMO;2020-01-01;2020-12-31;3.06.02;Despesas Financeiras;-1162117.0;S;2020;-1350588.1420204963
07.689.002/0001-89;2021-12-31;1;EMBRAER S.A.;20087;DF Consolidado - Demonstração do Resultado;REAL;MIL;ÚLTIMO;2021-01-01;2021-12-31;3.06.02;Despesas Financeiras;-1330630.0;S;2021;-1468101.9471360538
07.689.002/0001-89;2021-12-31;1;EMBRAER S.A.;20087;DF Consolidado - Demonstração do Resultado;REAL;MIL;PENÚLTIMO;2020-01-01;2020-12-31;3.06.02.01;Variações Monetárias Passivas;225314.0;N;2020;261855.23198714596
07.689.002/0001-89;2021-12-31;1;EMBRAER S.A.;20087;DF Consolidado - Demonstração do Resultado;REAL;MIL;ÚLTIMO;2021-01-01;2021-12-31;3.06.02.01;Variações Monetárias Passivas;170151.0;N;2021;187729.8831434333
07.689.002/0001-89;2021-12-31;1;EMBRAER S.A.;20087;DF Consolidado - Demonstração do Resultado;REAL;MIL;PENÚLTIMO;2020-01-01;2020-12-31;3.06.02.02;Despesas Financeiras;-1387431.0;N;2020;-1612443.3740076423
07.689.002/0001-89;2021-12-31;1;EMBRAER S.A.;20087;DF Consolidado - Demonstração do Resultado;REAL;MIL;ÚLTIMO;2021-01-01;2021-12-31;3.06.02.02;Despesas Financeiras;-1500781.0;N;2021;-1655831.8302794872
07.689.002/0001-89;2021-12-31;1;EMBRAER S.A.;20087;DF Consolidado - Demonstração do Resultado;REAL;MIL;PENÚLTIMO;2020-01-01;2020-12-31;3.07;Resultado Antes dos Tributos sobre o Lucro;-3312177.0;S;2020;-3849343.0355747496
07.689.002/0001-89;2021-12-31;1;EMBRAER S.A.;20087;DF Consolidado - Demonstração do Resultado;REAL;MIL;ÚLTIMO;2021-01-01;2021-12-31;3.07;Resultado Antes dos Tributos sobre o Lucro;121453.0;S;2021;134000.7258107176
07.689.002/0001-89;2021-12-31;1;EMBRAER S.A.;20087;DF Consolidado - Demonstração do Resultado;REAL;MIL;PENÚLTIMO;2020-01-01;2020-12-31;3.08;Imposto de Renda e Contribuição Social sobre o Lucro;-284056.0;S;2020;-330123.9593515748
07.689.002/0001-89;2021-12-31;1;EMBRAER S.A.;20087;DF Consolidado - Demonstração do Resultado;REAL;MIL;ÚLTIMO;2021-01-01;2021-12-31;3.08;Imposto de Renda e Contribuição Social sobre o Lucro;-389071.0;S;2021;-429267.2588729937
07.689.002/0001-89;2021-12-31;1;EMBRAER S.A.;20087;DF Consolidado - Demonstração do Resultado;REAL;MIL;PENÚLTIMO;2020-01-01;2020-12-31;3.08.01;Corrente;120393.0;S;2020;139918.2338630909
07.689.002/0001-89;2021-12-31;1;EMBRAER S.A.;20087;DF Consolidado - Demonstração do Resultado;REAL;MIL;ÚLTIMO;2021-01-01;2021-12-31;3.08.01;Corrente;-168836.0;S;2021;-186279.02598518203
07.689.002/0001-89;2021-12-31;1;EMBRAER S.A.;20087;DF Consolidado - Demonstração do Resultado;REAL;MIL;PENÚLTIMO;2020-01-01;2020-12-31;3.08.02;Diferido;-404449.0;S;2020;-470042.19321466575
07.689.002/0001-89;2021-12-31;1;EMBRAER S.A.;20087;DF Consolidado - Demonstração do Resultado;REAL;MIL;ÚLTIMO;2021-01-01;2021-12-31;3.08.02;Diferido;-220235.0;S;2021;-242988.23288781164
07.689.002/0001-89;2021-12-31;1;EMBRAER S.A.;20087;DF Consolidado - Demonstração do Resultado;REAL;MIL;PENÚLTIMO;2020-01-01;2020-12-31;3.09;Resultado Líquido das Operações Continuadas;-3596233.0;S;2020;-4179466.9949263246
07.689.002/0001-89;2021-12-31;1;EMBRAER S.A.;20087;DF Consolidado - Demonstração do Resultado;REAL;MIL;ÚLTIMO;2021-01-01;2021-12-31;3.09;Resultado Líquido das Operações Continuadas;-267618.0;S;2021;-295266.5330622761
07.689.002/0001-89;2021-12-31;1;EMBRAER S.A.;20087;DF Consolidado - Demonstração do Resultado;REAL;MIL;PENÚLTIMO;2020-01-01;2020-12-31;3.10;Resultado Líquido de Operações Descontinuadas;0.0;S;2020;0.0
07.689.002/0001-89;2021-12-31;1;EMBRAER S.A.;20087;DF Consolidado - Demonstração do Resultado;REAL;MIL;ÚLTIMO;2021-01-01;2021-12-31;3.10;Resultado Líquido de Operações Descontinuadas;0.0;S;2021;0.0
07.689.002/0001-89;2021-12-31;1;EMBRAER S.A.;20087;DF Consolidado - Demonstração do Resultado;REAL;MIL;PENÚLTIMO;2020-01-01;2020-12-31;3.10.01;Lucro/Prejuízo Líquido das Operações Descontinuadas;0.0;S;2020;0.0
07.689.002/0001-89;2021-12-31;1;EMBRAER S.A.;20087;DF Consolidado - Demonstração do Resultado;REAL;MIL;ÚLTIMO;2021-01-01;2021-12-31;3.10.01;Lucro/Prejuízo Líquido das Operações Descontinuadas;0.0;S;2021;0.0
07.689.002/0001-89;2021-12-31;1;EMBRAER S.A.;20087;DF Consolidado - Demonstração do Resultado;REAL;MIL;PENÚLTIMO;2020-01-01;2020-12-31;3.10.02;Ganhos/Perdas Líquidas sobre Ativos de Operações Descontinuadas;0.0;S;2020;0.0
07.689.002/0001-89;2021-12-31;1;EMBRAER S.A.;20087;DF Consolidado - Demonstração do Resultado;REAL;MIL;ÚLTIMO;2021-01-01;2021-12-31;3.10.02;Ganhos/Perdas Líquidas sobre Ativos de Operações Descontinuadas;0.0;S;2021;0.0
07.689.002/0001-89;2021-12-31;1;EMBRAER S.A.;20087;DF Consolidado - Demonstração do Resultado;REAL;MIL;PENÚLTIMO;2020-01-01;2020-12-31;3.11;Lucro/Prejuízo Consolidado do Período;-3596233.0;S;2020;-4179466.9949263246
07.689.002/0001-89;2021-12-31;1;EMBRAER S.A.;20087;DF Consolidado - Demonstração do Resultado;REAL;MIL;ÚLTIMO;2021-01-01;2021-12-31;3.11;Lucro/Prejuízo Consolidado do Período;-267618.0;S;2021;-295266.5330622761
07.689.002/0001-89;2021-12-31;1;EMBRAER S.A.;20087;DF Consolidado - Demonstração do Resultado;REAL;MIL;PENÚLTIMO;2020-01-01;2020-12-31;3.11.01;Atribuído a Sócios da Empresa Controladora;-3616014.0;S;2020;-4202456.060603281
07.689.002/0001-89;2021-12-31;1;EMBRAER S.A.;20087;DF Consolidado - Demonstração do Resultado;REAL;MIL;ÚLTIMO;2021-01-01;2021-12-31;3.11.01;Atribuído a Sócios da Empresa Controladora;-274819.0;S;2021;-303211.49305966584
07.689.002/0001-89;2021-12-31;1;EMBRAER S.A.;20087;DF Consolidado - Demonstração do Resultado;REAL;MIL;PENÚLTIMO;2020-01-01;2020-12-31;3.11.02;Atribuído a Sócios Não Controladores;19781.0;S;2020;22989.06567695631
07.689.002/0001-89;2021-12-31;1;EMBRAER S.A.;20087;DF Consolidado - Demonstração do Resultado;REAL;MIL;ÚLTIMO;2021-01-01;2021-12-31;3.11.02;Atribuído a Sócios Não Controladores;7201.0;S;2021;7944.95999738975
07.689.002/0001-89;2021-12-31;1;EMBRAER S.A.;20087;DF Consolidado - Demonstração do Resultado;REAL;MIL;PENÚLTIMO;2020-01-01;2020-12-31;3.99;Lucro por Ação - (Reais / Ação);0.0;N;2020;0.0
07.689.002/0001-89;2021-12-31;1;EMBRAER S.A.;20087;DF Consolidado - Demonstração do Resultado;REAL;MIL;ÚLTIMO;2021-01-01;2021-12-31;3.99;Lucro por Ação - (Reais / Ação);0.0;N;2021;0.0
07.689.002/0001-89;2021-12-31;1;EMBRAER S.A.;20087;DF Consolidado - Demonstração do Resultado;REAL;MIL;PENÚLTIMO;2020-01-01;2020-12-31;3.99.01;Lucro Básico por Ação;0.0;N;2020;0.0
07.689.002/0001-89;2021-12-31;1;EMBRAER S.A.;20087;DF Consolidado - Demonstração do Resultado;REAL;MIL;ÚLTIMO;2021-01-01;2021-12-31;3.99.01;Lucro Básico por Ação;0.0;N;2021;0.0
07.689.002/0001-89;2021-12-31;1;EMBRAER S.A.;20087;DF Consolidado - Demonstração do Resultado;REAL;MIL;PENÚLTIMO;2020-01-01;2020-12-31;3.99.01.01;ON;-4.91197;N;2020;-5.708589097277139
07.689.002/0001-89;2021-12-31;1;EMBRAER S.A.;20087;DF Consolidado - Demonstração do Resultado;REAL;MIL;ÚLTIMO;2021-01-01;2021-12-31;3.99.01.01;ON;-0.37404;N;2021;-0.41268335473179585
07.689.002/0001-89;2021-12-31;1;EMBRAER S.A.;20087;DF Consolidado - Demonstração do Resultado;REAL;MIL;PENÚLTIMO;2020-01-01;2020-12-31;3.99.02;Lucro Diluído por Ação;0.0;N;2020;0.0
07.689.002/0001-89;2021-12-31;1;EMBRAER S.A.;20087;DF Consolidado - Demonstração do Resultado;REAL;MIL;ÚLTIMO;2021-01-01;2021-12-31;3.99.02;Lucro Diluído por Ação;0.0;N;2021;0.0
07.689.002/0001-89;2021-12-31;1;EMBRAER S.A.;20087;DF Consolidado - Demonstração do Resultado;REAL;MIL;PENÚLTIMO;2020-01-01;2020-12-31;3.99.02.01;ON;-4.91197;N;2020;-5.708589097277139
07.689.002/0001-89;2021-12-31;1;EMBRAER S.A.;20087;DF Consolidado - Demonstração do Resultado;REAL;MIL;ÚLTIMO;2021-01-01;2021-12-31;3.99.02.01;ON;-0.37404;N;2021;-0.41268335473179585
07.689.002/0001-89;2022-12-31;1;EMBRAER S.A.;20087;DF Consolidado - Demonstração do Resultado;REAL;MIL;PENÚLTIMO;2021-01-01;2021-12-31;3.01;Receita de Venda de Bens e/ou Serviços;22669705.0;S;2021;25011789.942733843
07.689.002/0001-89;2022-12-31;1;EMBRAER S.A.;20087;DF Consolidado - Demonstração do Resultado;REAL;MIL;ÚLTIMO;2022-01-01;2022-12-31;3.01;Receita de Venda de Bens e/ou Serviços;23448771.0;S;2022;24647341.804560803
07.689.002/0001-89;2022-12-31;1;EMBRAER S.A.;20087;DF Consolidado - Demonstração do Resultado;REAL;MIL;PENÚLTIMO;2021-01-01;2021-12-31;3.02;Custo dos Bens e/ou Serviços Vendidos;-19130601.0;S;2021;-21107048.97528459
07.689.002/0001-89;2022-12-31;1;EMBRAER S.A.;20087;DF Consolidado - Demonstração do Resultado;REAL;MIL;ÚLTIMO;2022-01-01;2022-12-31;3.02;Custo dos Bens e/ou Serviços Vendidos;-18738793.0;S;2022;-19696615.91543162
07.689.002/0001-89;2022-12-31;1;EMBRAER S.A.;20087;DF Consolidado - Demonstração do Resultado;REAL;MIL;PENÚLTIMO;2021-01-01;2021-12-31;3.03;Resultado Bruto;3539104.0;S;2021;3904740.9674492506
07.689.002/0001-89;2022-12-31;1;EMBRAER S.A.;20087;DF Consolidado - Demonstração do Resultado;REAL;MIL;ÚLTIMO;2022-01-01;2022-12-31;3.03;Resultado Bruto;4709978.0;S;2022;4950725.889129187
07.689.002/0001-89;2022-12-31;1;EMBRAER S.A.;20087;DF Consolidado - Demonstração do Resultado;REAL;MIL;PENÚLTIMO;2021-01-01;2021-12-31;3.04;Despesas/Receitas Operacionais;-2484386.0;S;2021;-2741056.4349500253
07.689.002/0001-89;2022-12-31;1;EMBRAER S.A.;20087;DF Consolidado - Demonstração do Resultado;REAL;MIL;ÚLTIMO;2022-01-01;2022-12-31;3.04;Despesas/Receitas Operacionais;-5265566.0;S;2022;-5534712.458766987
07.689.002/0001-89;2022-12-31;1;EMBRAER S.A.;20087;DF Consolidado - Demonstração do Resultado;REAL;MIL;PENÚLTIMO;2021-01-01;2021-12-31;3.04.01;Despesas com Vendas;-1223305.0;S;2021;-1349688.8334407539
07.689.002/0001-89;2022-12-31;1;EMBRAER S.A.;20087;DF Consolidado - Demonstração do Resultado;REAL;MIL;ÚLTIMO;2022-01-01;2022-12-31;3.04.01;Despesas com Vendas;-1416049.0;S;2022;-1488429.552022429
07.689.002/0001-89;2022-12-31;1;EMBRAER S.A.;20087;DF Consolidado - Demonstração do Resultado;REAL;MIL;PENÚLTIMO;2021-01-01;2021-12-31;3.04.02;Despesas Gerais e Administrativas;-827176.0;S;2021;-912634.3883906213
07.689.002/0001-89;2022-12-31;1;EMBRAER S.A.;20087;DF Consolidado - Demonstração do Resultado;REAL;MIL;ÚLTIMO;2022-01-01;2022-12-31;3.04.02;Despesas Gerais e Administrativas;-954194.0;S;2022;-1002967.0922139626
07.689.002/0001-89;2022-12-31;1;EMBRAER S.A.;20087;DF Consolidado - Demonstração do Resultado;REAL;MIL;PENÚLTIMO;2021-01-01;2021-12-31;3.04.03;Perdas pela Não Recuperabilidade de Ativos;70919.0;S;2021;78245.88502359168
07.689.002/0001-89;2022-12-31;1;EMBRAER S.A.;20087;DF Consolidado - Demonstração do Resultado;REAL;MIL;ÚLTIMO;2022-01-01;2022-12-31;3.04.03;Perdas pela Não Recuperabilidade de Ativos;-84749.0;S;2022;-89080.8976979955
07.689.002/0001-89;2022-12-31;1;EMBRAER S.A.;20087;DF Consolidado - Demonstração do Resultado;REAL;MIL;PENÚLTIMO;2021-01-01;2021-12-31;3.04.03.01;Reversão (perda) por redução ao valor recuperável de contas a receber e ativos de contrato;70919.0;N;2021;78245.88502359168
07.689.002/0001-89;2022-12-31;1;EMBRAER S.A.;20087;DF Consolidado - Demonstração do Resultado;REAL;MIL;ÚLTIMO;2022-01-01;2022-12-31;3.04.03.01;Reversão (perda) por redução ao valor recuperável de contas a receber e ativos de contrato;-84749.0;N;2022;-89080.8976979955
07.689.002/0001-89;2022-12-31;1;EMBRAER S.A.;20087;DF Consolidado - Demonstração do Resultado;REAL;MIL;PENÚLTIMO;2021-01-01;2021-12-31;3.04.04;Outras Receitas Operacionais;365829.0;S;2021;403624.04817179486
07.689.002/0001-89;2022-12-31;1;EMBRAER S.A.;20087;DF Consolidado - Demonstração do Resultado;REAL;MIL;ÚLTIMO;2022-01-01;2022-12-31;3.04.04;Outras Receitas Operacionais;615190.0;S;2022;646635.0925064585
07.689.002/0001-89;2022-12-31;1;EMBRAER S.A.;20087;DF Consolidado - Demonstração do Resultado;REAL;MIL;PENÚLTIMO;2021-01-01;2021-12-31;3.04.05;Outras Despesas Operacionais;-876093.0;S;2021;-966605.1713641408
07.689.002/0001-89;2022-12-31;1;EMBRAER S.A.;20087;DF Consolidado - Demonstração do Resultado;REAL;MIL;ÚLTIMO;2022-01-01;2022-12-31;3.04.05;Outras Despesas Operacionais;-3467520.0;S;2022;-3644760.3439067523
07.689.002/0001-89;2022-12-31;1;EMBRAER S.A.;20087;DF Consolidado - Demonstração do Resultado;REAL;MIL;PENÚLTIMO;2021-01-01;2021-12-31;3.04.05.01;Pesquisa;-233402.0;N;2021;-257515.56079860608
07.689.002/0001-89;2022-12-31;1;EMBRAER S.A.;20087;DF Consolidado - Demonstração do Resultado;REAL;MIL;ÚLTIMO;2022-01-01;2022-12-31;3.04.05.01;Pesquisa;-566736.0;N;2022;-595704.3934178713
07.689.002/0001-89;2022-12-31;1;EMBRAER S.A.;20087;DF Consolidado - Demonstração do Resultado;REAL;MIL;PENÚLTIMO;2021-01-01;2021-12-31;3.04.05.02;Despesas Operacionais;-642691.0;N;2021;-709089.6105655348
07.689.002/0001-89;2022-12-31;1;EMBRAER S.A.;20087;DF Consolidado - Demonstração do Resultado;REAL;MIL;ÚLTIMO;2022-01-01;2022-12-31;3.04.05.02;Despesas Operacionais;-2900784.0;N;2022;-3049055.950488881
07.689.002/0001-89;2022-12-31;1;EMBRAER S.A.;20087;DF Consolidado - Demonstração do Resultado;REAL;MIL;PENÚLTIMO;2021-01-01;2021-12-31;3.04.06;Resultado de Equivalência Patrimonial;5440.0;S;2021;6002.0250501041855
07.689.002/0001-89;2022-12-31;1;EMBRAER S.A.;20087;DF Consolidado - Demonstração do Resultado;REAL;MIL;ÚLTIMO;2022-01-01;2022-12-31;3.04.06;Resultado de Equivalência Patrimonial;41756.0;S;2022;43890.334567694015
07.689.002/0001-89;2022-12-31;1;EMBRAER S.A.;20087;DF Consolidado - Demonstração do Resultado;REAL;MIL;PENÚLTIMO;2021-01-01;2021-12-31;3.05;Resultado Antes do Resultado Financeiro e dos Tributos;1054718.0;S;2021;1163684.5324992253
07.689.002/0001-89;2022-12-31;1;EMBRAER S.A.;20087;DF Consolidado - Demonstração do Resultado;REAL;MIL;ÚLTIMO;2022-01-01;2022-12-31;3.05;Resultado Antes do Resultado Financeiro e dos Tributos;-555588.0;S;2022;-583986.5696378001
07.689.002/0001-89;2022-12-31;1;EMBRAER S.A.;20087;DF Consolidado - Demonstração do Resultado;REAL;MIL;PENÚLTIMO;2021-01-01;2021-12-31;3.06;Resultado Financeiro;-933265.0;S;2021;-1029683.8066885079
07.689.002/0001-89;2022-12-31;1;EMBRAER S.A.;20087;DF Consolidado - Demonstração do Resultado;REAL;MIL;ÚLTIMO;2022-01-01;2022-12-31;3.06;Resultado Financeiro;-507028.0;S;2022;-532944.4524185449
07.689.002/0001-89;2022-12-31;1;EMBRAER S.A.;20087;DF Consolidado - Demonstração do Resultado;REAL;MIL;PENÚLTIMO;2021-01-01;2021-12-31;3.06.01;Receitas Financeiras;397365.0;S;2021;438418.1404475459
07.689.002/0001-89;2022-12-31;1;EMBRAER S.A.;20087;DF Consolidado - Demonstração do Resultado;REAL;MIL;ÚLTIMO;2022-01-01;2022-12-31;3.06.01;Receitas Financeiras;830794.0;S;2022;873259.5702852951
07.689.002/0001-89;2022-12-31;1;EMBRAER S.A.;20087;DF Consolidado - Demonstração do Resultado;REAL;MIL;PENÚLTIMO;2021-01-01;2021-12-31;3.06.01.01;Variações Monetárias Ativas;-32510.0;N;2021;-35868.71955494248
07.689.002/0001-89;2022-12-31;1;EMBRAER S.A.;20087;DF Consolidado - Demonstração do Resultado;REAL;MIL;ÚLTIMO;2022-01-01;2022-12-31;3.06.01.01;Variações Monetárias Ativas;211056.0;N;2022;221844.00930451258
07.689.002/0001-89;2022-12-31;1;EMBRAER S.A.;20087;DF Consolidado - Demonstração do Resultado;REAL;MIL;PENÚLTIMO;2021-01-01;2021-12-31;3.06.01.02;Receitas Financeiras;429875.0;N;2021;474286.86000248836
07.689.002/0001-89;2022-12-31;1;EMBRAER S.A.;20087;DF Consolidado - Demonstração do Resultado;REAL;MIL;ÚLTIMO;2022-01-01;2022-12-31;3.06.01.02;Receitas Financeiras;619738.0;N;2022;651415.5609807825
07.689.002/0001-89;2022-12-31;1;EMBRAER S.A.;20087;DF Consolidado - Demonstração do Resultado;REAL;MIL;PENÚLTIMO;2021-01-01;2021-12-31;3.06.02;Despesas Financeiras;-1330630.0;S;2021;-1468101.9471360538
07.689.002/0001-89;2022-12-31;1;EMBRAER S.A.;20087;DF Consolidado - Demonstração do Resultado;REAL;MIL;ÚLTIMO;2022-01-01;2022-12-31;3.06.02;Despesas Financeiras;-1337822.0;S;2022;-1406204.02270384
07.689.002/0001-89;2022-12-31;1;EMBRAER S.A.;20087;DF Consolidado - Demonstração do Resultado;REAL;MIL;PENÚLTIMO;2021-01-01;2021-12-31;3.06.02.01;Variações Monetárias Passivas;170151.0;N;2021;187729.8831434333
07.689.002/0001-89;2022-12-31;1;EMBRAER S.A.;20087;DF Consolidado - Demonstração do Resultado;REAL;MIL;ÚLTIMO;2022-01-01;2022-12-31;3.06.02.01;Variações Monetárias Passivas;-73250.0;N;2022;-76994.13274939139
07.689.002/0001-89;2022-12-31;1;EMBRAER S.A.;20087;DF Consolidado - Demonstração do Resultado;REAL;MIL;PENÚLTIMO;2021-01-01;2021-12-31;3.06.02.02;Despesas Financeiras;-1500781.0;N;2021;-1655831.8302794872
07.689.002/0001-89;2022-12-31;1;EMBRAER S.A.;20087;DF Consolidado - Demonstração do Resultado;REAL;MIL;ÚLTIMO;2022-01-01;2022-12-31;3.06.02.02;Despesas Financeiras;-1264572.0;N;2022;-1329209.8899544487
07.689.002/0001-89;2022-12-31;1;EMBRAER S.A.;20087;DF Consolidado - Demonstração do Resultado;REAL;MIL;PENÚLTIMO;2021-01-01;2021-12-31;3.07;Resultado Antes dos Tributos sobre o Lucro;121453.0;S;2021;134000.7258107176
07.689.002/0001-89;2022-12-31;1;EMBRAER S.A.;20087;DF Consolidado - Demonstração do Resultado;REAL;MIL;ÚLTIMO;2022-01-01;2022-12-31;3.07;Resultado Antes dos Tributos sobre o Lucro;-1062616.0;S;2022;-1116931.0220563451
07.689.002/0001-89;2022-12-31;1;EMBRAER S.A.;20087;DF Consolidado - Demonstração do Resultado;REAL;MIL;PENÚLTIMO;2021-01-01;2021-12-31;3.08;Imposto de Renda e Contribuição Social sobre o Lucro;-389071.0;S;2021;-429267.2588729937
07.689.002/0001-89;2022-12-31;1;EMBRAER S.A.;20087;DF Consolidado - Demonstração do Resultado;REAL;MIL;ÚLTIMO;2022-01-01;2022-12-31;3.08;Imposto de Renda e Contribuição Social sobre o Lucro;15403.0;S;2022;16190.315723397618
07.689.002/0001-89;2022-12-31;1;EMBRAER S.A.;20087;DF Consolidado - Demonstração do Resultado;REAL;MIL;PENÚLTIMO;2021-01-01;2021-12-31;3.08.01;Corrente;-168836.0;S;2021;-186279.02598518203
07.689.002/0001-89;2022-12-31;1;EMBRAER S.A.;20087;DF Consolidado - Demonstração do Resultado;REAL;MIL;ÚLTIMO;2022-01-01;2022-12-31;3.08.01;Corrente;-439721.0;S;2022;-462197.0927876468
07.689.002/0001-89;2022-12-31;1;EMBRAER S.A.;20087;DF Consolidado - Demonstração do Resultado;REAL;MIL;PENÚLTIMO;2021-01-01;2021-12-31;3.08.02;Diferido;-220235.0;S;2021;-242988.23288781164
07.689.002/0001-89;2022-12-31;1;EMBRAER S.A.;20087;DF Consolidado - Demonstração do Resultado;REAL;MIL;ÚLTIMO;2022-01-01;2022-12-31;3.08.02;Diferido;455124.0;S;2022;478387.4085110444
07.689.002/0001-89;2022-12-31;1;EMBRAER S.A.;20087;DF Consolidado - Demonstração do Resultado;REAL;MIL;PENÚLTIMO;2021-01-01;2021-12-31;3.09;Resultado Líquido das Operações Continuadas;-267618.0;S;2021;-295266.5330622761
07.689.002/0001-89;2022-12-31;1;EMBRAER S.A.;20087;DF Consolidado - Demonstração do Resultado;REAL;MIL;ÚLTIMO;2022-01-01;2022-12-31;3.09;Resultado Líquido das Operações Continuadas;-1047213.0;S;2022;-1100740.7063329474
07.689.002/0001-89;2022-12-31;1;EMBRAER S.A.;20087;DF Consolidado - Demonstração do Resultado;REAL;MIL;PENÚLTIMO;2021-01-01;2021-12-31;3.10;Resultado Líquido de Operações Descontinuadas;0.0;S;2021;0.0
07.689.002/0001-89;2022-12-31;1;EMBRAER S.A.;20087;DF Consolidado - Demonstração do Resultado;REAL;MIL;ÚLTIMO;2022-01-01;2022-12-31;3.10;Resultado Líquido de Operações Descontinuadas;0.0;S;2022;0.0
07.689.002/0001-89;2022-12-31;1;EMBRAER S.A.;20087;DF Consolidado - Demonstração do Resultado;REAL;MIL;PENÚLTIMO;2021-01-01;2021-12-31;3.10.01;Lucro/Prejuízo Líquido das Operações Descontinuadas;0.0;S;2021;0.0
07.689.002/0001-89;2022-12-31;1;EMBRAER S.A.;20087;DF Consolidado - Demonstração do Resultado;REAL;MIL;ÚLTIMO;2022-01-01;2022-12-31;3.10.01;Lucro/Prejuízo Líquido das Operações Descontinuadas;0.0;S;2022;0.0
07.689.002/0001-89;2022-12-31;1;EMBRAER S.A.;20087;DF Consolidado - Demonstração do Resultado;REAL;MIL;PENÚLTIMO;2021-01-01;2021-12-31;3.10.02;Ganhos/Perdas Líquidas sobre Ativos de Operações Descontinuadas;0.0;S;2021;0.0
07.689.002/0001-89;2022-12-31;1;EMBRAER S.A.;20087;DF Consolidado - Demonstração do Resultado;REAL;MIL;ÚLTIMO;2022-01-01;2022-12-31;3.10.02;Ganhos/Perdas Líquidas sobre Ativos de Operações Descontinuadas;0.0;S;2022;0.0
07.689.002/0001-89;2022-12-31;1;EMBRAER S.A.;20087;DF Consolidado - Demonstração do Resultado;REAL;MIL;PENÚLTIMO;2021-01-01;2021-12-31;3.11;Lucro/Prejuízo Consolidado do Período;-267618.0;S;2021;-295266.5330622761
07.689.002/0001-89;2022-12-31;1;EMBRAER S.A.;20087;DF Consolidado - Demonstração do Resultado;REAL;MIL;ÚLTIMO;2022-01-01;2022-12-31;3.11;Lucro/Prejuízo Consolidado do Período;-1047213.0;S;2022;-1100740.7063329474
07.689.002/0001-89;2022-12-31;1;EMBRAER S.A.;20087;DF Consolidado - Demonstração do Resultado;REAL;MIL;PENÚLTIMO;2021-01-01;2021-12-31;3.11.01;Atribuído a Sócios da Empresa Controladora;-274819.0;S;2021;-303211.49305966584
07.689.002/0001-89;2022-12-31;1;EMBRAER S.A.;20087;DF Consolidado - Demonstração do Resultado;REAL;MIL;ÚLTIMO;2022-01-01;2022-12-31;3.11.01;Atribuído a Sócios da Empresa Controladora;-953656.0;S;2022;-1002401.5926451002
07.689.002/0001-89;2022-12-31;1;EMBRAER S.A.;20087;DF Consolidado - Demonstração do Resultado;REAL;MIL;PENÚLTIMO;2021-01-01;2021-12-31;3.11.02;Atribuído a Sócios Não Controladores;7201.0;S;2021;7944.95999738975
07.689.002/0001-89;2022-12-31;1;EMBRAER S.A.;20087;DF Consolidado - Demonstração do Resultado;REAL;MIL;ÚLTIMO;2022-01-01;2022-12-31;3.11.02;Atribuído a Sócios Não Controladores;-93557.0;S;2022;-98339.11368784723
07.689.002/0001-89;2022-12-31;1;EMBRAER S.A.;20087;DF Consolidado - Demonstração do Resultado;REAL;MIL;PENÚLTIMO;2021-01-01;2021-12-31;3.99;Lucro por Ação - (Reais / Ação);0.0;N;2021;0.0
07.689.002/0001-89;2022-12-31;1;EMBRAER S.A.;20087;DF Consolidado - Demonstração do Resultado;REAL;MIL;ÚLTIMO;2022-01-01;2022-12-31;3.99;Lucro por Ação - (Reais / Ação);0.0;N;2022;0.0
07.689.002/0001-89;2022-12-31;1;EMBRAER S.A.;20087;DF Consolidado - Demonstração do Resultado;REAL;MIL;PENÚLTIMO;2021-01-01;2021-12-31;3.99.01;Lucro Básico por Ação;0.0;N;2021;0.0
07.689.002/0001-89;2022-12-31;1;EMBRAER S.A.;20087;DF Consolidado - Demonstração do Resultado;REAL;MIL;ÚLTIMO;2022-01-01;2022-12-31;3.99.01;Lucro Básico por Ação;0.0;N;2022;0.0
07.689.002/0001-89;2022-12-31;1;EMBRAER S.A.;20087;DF Consolidado - Demonstração do Resultado;REAL;MIL;PENÚLTIMO;2021-01-01;2021-12-31;3.99.01.01;ON;-0.37404;N;2021;-0.41268335473179585
07.689.002/0001-89;2022-12-31;1;EMBRAER S.A.;20087;DF Consolidado - Demonstração do Resultado;REAL;MIL;ÚLTIMO;2022-01-01;2022-12-31;3.99.01.01;ON;-1.29814;N;2022;-1.364493699485255
07.689.002/0001-89;2022-12-31;1;EMBRAER S.A.;20087;DF Consolidado - Demonstração do Resultado;REAL;MIL;PENÚLTIMO;2021-01-01;2021-12-31;3.99.02;Lucro Diluído por Ação;0.0;N;2021;0.0
07.689.002/0001-89;2022-12-31;1;EMBRAER S.A.;20087;DF Consolidado - Demonstração do Resultado;REAL;MIL;ÚLTIMO;2022-01-01;2022-12-31;3.99.02;Lucro Diluído por Ação;0.0;N;2022;0.0
07.689.002/0001-89;2022-12-31;1;EMBRAER S.A.;20087;DF Consolidado - Demonstração do Resultado;REAL;MIL;PENÚLTIMO;2021-01-01;2021-12-31;3.99.02.01;ON;-0.37404;N;2021;-0.41268335473179585
07.689.002/0001-89;2022-12-31;1;EMBRAER S.A.;20087;DF Consolidado - Demonstração do Resultado;REAL;MIL;ÚLTIMO;2022-01-01;2022-12-31;3.99.02.01;ON;-1.29814;N;2022;-1.364493699485255
07.689.002/0001-89;2023-12-31;1;EMBRAER S.A.;20087;DF Consolidado - Demonstração do Resultado;REAL;MIL;PENÚLTIMO;2022-01-01;2022-12-31;3.01;Receita de Venda de Bens e/ou Serviços;23448771.0;S;2022;24647341.804560803
07.689.002/0001-89;2023-12-31;1;EMBRAER S.A.;20087;DF Consolidado - Demonstração do Resultado;REAL;MIL;ÚLTIMO;2023-01-01;2023-12-31;3.01;Receita de Venda de Bens e/ou Serviços;26110517.0;S;2023;27419853.608272016
07.689.002/0001-89;2023-12-31;1;EMBRAER S.A.;20087;DF Consolidado - Demonstração do Resultado;REAL;MIL;PENÚLTIMO;2022-01-01;2022-12-31;3.02;Custo dos Bens e/ou Serviços Vendidos;-18738793.0;S;2022;-19696615.91543162
07.689.002/0001-89;2023-12-31;1;EMBRAER S.A.;20087;DF Consolidado - Demonstração do Resultado;REAL;MIL;ÚLTIMO;2023-01-01;2023-12-31;3.02;Custo dos Bens e/ou Serviços Vendidos;-21607123.0;S;2023;-22690632.65028139
07.689.002/0001-89;2023-12-31;1;EMBRAER S.A.;20087;DF Consolidado - Demonstração do Resultado;REAL;MIL;PENÚLTIMO;2022-01-01;2022-12-31;3.03;Resultado Bruto;4709978.0;S;2022;4950725.889129187
07.689.002/0001-89;2023-12-31;1;EMBRAER S.A.;20087;DF Consolidado - Demonstração do Resultado;REAL;MIL;ÚLTIMO;2023-01-01;2023-12-31;3.03;Resultado Bruto;4503394.0;S;2023;4729220.957990627
07.689.002/0001-89;2023-12-31;1;EMBRAER S.A.;20087;DF Consolidado - Demonstração do Resultado;REAL;MIL;PENÚLTIMO;2022-01-01;2022-12-31;3.04;Despesas/Receitas Operacionais;-5265566.0;S;2022;-5534712.458766987
07.689.002/0001-89;2023-12-31;1;EMBRAER S.A.;20087;DF Consolidado - Demonstração do Resultado;REAL;MIL;ÚLTIMO;2023-01-01;2023-12-31;3.04;Despesas/Receitas Operacionais;-2980785.0;S;2023;-3130259.2873872663
07.689.002/0001-89;2023-12-31;1;EMBRAER S.A.;20087;DF Consolidado - Demonstração do Resultado;REAL;MIL;PENÚLTIMO;2022-01-01;2022-12-31;3.04.01;Despesas com Vendas;-1416049.0;S;2022;-1488429.552022429
07.689.002/0001-89;2023-12-31;1;EMBRAER S.A.;20087;DF Consolidado - Demonstração do Resultado;REAL;MIL;ÚLTIMO;2023-01-01;2023-12-31;3.04.01;Despesas com Vendas;-1569513.0;S;2023;-1648217.7161133897
07.689.002/0001-89;2023-12-31;1;EMBRAER S.A.;20087;DF Consolidado - Demonstração do Resultado;REAL;MIL;PENÚLTIMO;2022-01-01;2022-12-31;3.04.02;Despesas Gerais e Administrativas;-954194.0;S;2022;-1002967.0922139626
07.689.002/0001-89;2023-12-31;1;EMBRAER S.A.;20087;DF Consolidado - Demonstração do Resultado;REAL;MIL;ÚLTIMO;2023-01-01;2023-12-31;3.04.02;Despesas Gerais e Administrativas;-1022541.0;S;2023;-1073817.2870516535
07.689.002/0001-89;2023-12-31;1;EMBRAER S.A.;20087;DF Consolidado - Demonstração do Resultado;REAL;MIL;PENÚLTIMO;2022-01-01;2022-12-31;3.04.03;Perdas pela Não Recuperabilidade de Ativos;-84749.0;S;2022;-89080.8976979955
07.689.002/0001-89;2023-12-31;1;EMBRAER S.A.;20087;DF Consolidado - Demonstração do Resultado;REAL;MIL;ÚLTIMO;2023-01-01;2023-12-31;3.04.03;Perdas pela Não Recuperabilidade de Ativos;48999.0;S;2023;51456.10126952755
07.689.002/0001-89;2023-12-31;1;EMBRAER S.A.;20087;DF Consolidado - Demonstração do Resultado;REAL;MIL;PENÚLTIMO;2022-01-01;2022-12-31;3.04.03.01;Reversão (perda) de crédito esperada;-84749.0;N;2022;-89080.8976979955
07.689.002/0001-89;2023-12-31;1;EMBRAER S.A.;20087;DF Consolidado - Demonstração do Resultado;REAL;MIL;ÚLTIMO;2023-01-01;2023-12-31;3.04.03.01;Reversão (perda) de crédito esperada;48999.0;N;2023;51456.10126952755
07.689.002/0001-89;2023-12-31;1;EMBRAER S.A.;20087;DF Consolidado - Demonstração do Resultado;REAL;MIL;PENÚLTIMO;2022-01-01;2022-12-31;3.04.04;Outras Receitas Operacionais;615190.0;S;2022;646635.0925064585
07.689.002/0001-89;2023-12-31;1;EMBRAER S.A.;20087;DF Consolidado - Demonstração do Resultado;REAL;MIL;ÚLTIMO;2023-01-01;2023-12-31;3.04.04;Outras Receitas Operacionais;745474.0;S;2023;782856.4998836665
07.689.002/0001-89;2023-12-31;1;EMBRAER S.A.;20087;DF Consolidado - Demonstração do Resultado;REAL;MIL;PENÚLTIMO;2022-01-01;2022-12-31;3.04.05;Outras Despesas Operacionais;-3467520.0;S;2022;-3644760.3439067523
07.689.002/0001-89;2023-12-31;1;EMBRAER S.A.;20087;DF Consolidado - Demonstração do Resultado;REAL;MIL;ÚLTIMO;2023-01-01;2023-12-31;3.04.05;Outras Despesas Operacionais;-1233185.0;S;2023;-1295024.2299651487
07.689.002/0001-89;2023-12-31;1;EMBRAER S.A.;20087;DF Consolidado - Demonstração do Resultado;REAL;MIL;PENÚLTIMO;2022-01-01;2022-12-31;3.04.05.01;Pesquisa;-566736.0;N;2022;-595704.3934178713
07.689.002/0001-89;2023-12-31;1;EMBRAER S.A.;20087;DF Consolidado - Demonstração do Resultado;REAL;MIL;ÚLTIMO;2023-01-01;2023-12-31;3.04.05.01;Pesquisa;-452755.0;N;2023;-475458.8283492509
07.689.002/0001-89;2023-12-31;1;EMBRAER S.A.;20087;DF Consolidado - Demonstração do Resultado;REAL;MIL;PENÚLTIMO;2022-01-01;2022-12-31;3.04.05.02;Despesas Operacionais;-2900784.0;N;2022;-3049055.950488881
07.689.002/0001-89;2023-12-31;1;EMBRAER S.A.;20087;DF Consolidado - Demonstração do Resultado;REAL;MIL;ÚLTIMO;2023-01-01;2023-12-31;3.04.05.02;Despesas Operacionais;-780430.0;N;2023;-819565.4016158979
07.689.002/0001-89;2023-12-31;1;EMBRAER S.A.;20087;DF Consolidado - Demonstração do Resultado;REAL;MIL;PENÚLTIMO;2022-01-01;2022-12-31;3.04.06;Resultado de Equivalência Patrimonial;41756.0;S;2022;43890.334567694015
07.689.002/0001-89;2023-12-31;1;EMBRAER S.A.;20087;DF Consolidado - Demonstração do Resultado;REAL;MIL;ÚLTIMO;2023-01-01;2023-12-31;3.04.06;Resultado de Equivalência Patrimonial;49981.0;S;2023;52487.344589731554
07.689.002/0001-89;2023-12-31;1;EMBRAER S.A.;20087;DF Consolidado - Demonstração do Resultado;REAL;MIL;PENÚLTIMO;2022-01-01;2022-12-31;3.05;Resultado Antes do Resultado Financeiro e dos Tributos;-555588.0;S;2022;-583986.5696378001
07.689.002/0001-89;2023-12-31;1;EMBRAER S.A.;20087;DF Consolidado - Demonstração do Resultado;REAL;MIL;ÚLTIMO;2023-01-01;2023-12-31;3.05;Resultado Antes do Resultado Financeiro e dos Tributos;1522609.0;S;2023;1598961.6706033605
07.689.002/0001-89;2023-12-31;1;EMBRAER S.A.;20087;DF Consolidado - Demonstração do Resultado;REAL;MIL;PENÚLTIMO;2022-01-01;2022-12-31;3.06;Resultado Financeiro;-507028.0;S;2022;-532944.4524185449
07.689.002/0001-89;2023-12-31;1;EMBRAER S.A.;20087;DF Consolidado - Demonstração do Resultado;REAL;MIL;ÚLTIMO;2023-01-01;2023-12-31;3.06;Resultado Financeiro;-963748.0;S;2023;-1012076.0563747145
07.689.002/0001-89;2023-12-31;1;EMBRAER S.A.;20087;DF Consolidado - Demonstração do Resultado;REAL;MIL;PENÚLTIMO;2022-01-01;2022-12-31;3.06.01;Receitas Financeiras;830794.0;S;2022;873259.5702852951
07.689.002/0001-89;2023-12-31;1;EMBRAER S.A.;20087;DF Consolidado - Demonstração do Resultado;REAL;MIL;ÚLTIMO;2023-01-01;2023-12-31;3.06.01;Receitas Financeiras;779690.0;S;2023;818788.2936149295
07.689.002/0001-89;2023-12-31;1;EMBRAER S.A.;20087;DF Consolidado - Demonstração do Resultado;REAL;MIL;PENÚLTIMO;2022-01-01;2022-12-31;3.06.01.01;Variações Monetárias Ativas;211056.0;N;2022;221844.00930451258
07.689.002/0001-89;2023-12-31;1;EMBRAER S.A.;20087;DF Consolidado - Demonstração do Resultado;REAL;MIL;ÚLTIMO;2023-01-01;2023-12-31;3.06.01.01;Variações Monetárias Ativas;138972.0;N;2023;145940.88258186457
07.689.002/0001-89;2023-12-31;1;EMBRAER S.A.;20087;DF Consolidado - Demonstração do Resultado;REAL;MIL;PENÚLTIMO;2022-01-01;2022-12-31;3.06.01.02;Receitas Financeiras;619738.0;N;2022;651415.5609807825
07.689.002/0001-89;2023-12-31;1;EMBRAER S.A.;20087;DF Consolidado - Demonstração do Resultado;REAL;MIL;ÚLTIMO;2023-01-01;2023-12-31;3.06.01.02;Receitas Financeiras;640718.0;N;2023;672847.411033065
07.689.002/0001-89;2023-12-31;1;EMBRAER S.A.;20087;DF Consolidado - Demonstração do Resultado;REAL;MIL;PENÚLTIMO;2022-01-01;2022-12-31;3.06.02;Despesas Financeiras;-1337822.0;S;2022;-1406204.02270384
07.689.002/0001-89;2023-12-31;1;EMBRAER S.A.;20087;DF Consolidado - Demonstração do Resultado;REAL;MIL;ÚLTIMO;2023-01-01;2023-12-31;3.06.02;Despesas Financeiras;-1743438.0;S;2023;-1830864.349989644
07.689.002/0001-89;2023-12-31;1;EMBRAER S.A.;20087;DF Consolidado - Demonstração do Resultado;REAL;MIL;PENÚLTIMO;2022-01-01;2022-12-31;3.06.02.01;Variações Monetárias Passivas;-73250.0;N;2022;-76994.13274939139
07.689.002/0001-89;2023-12-31;1;EMBRAER S.A.;20087;DF Consolidado - Demonstração do Resultado;REAL;MIL;ÚLTIMO;2023-01-01;2023-12-31;3.06.02.01;Variações Monetárias Passivas;-140944.0;N;2023;-148011.77038985063
07.689.002/0001-89;2023-12-31;1;EMBRAER S.A.;20087;DF Consolidado - Demonstração do Resultado;REAL;MIL;PENÚLTIMO;2022-01-01;2022-12-31;3.06.02.02;Despesas Financeiras;-1264572.0;N;2022;-1329209.8899544487
07.689.002/0001-89;2023-12-31;1;EMBRAER S.A.;20087;DF Consolidado - Demonstração do Resultado;REAL;MIL;ÚLTIMO;2023-01-01;2023-12-31;3.06.02.02;Despesas Financeiras;-1602494.0;N;2023;-1682852.5795997933
07.689.002/0001-89;2023-12-31;1;EMBRAER S.A.;20087;DF Consolidado - Demonstração do Resultado;REAL;MIL;PENÚLTIMO;2022-01-01;2022-12-31;3.07;Resultado Antes dos Tributos sobre o Lucro;-1062616.0;S;2022;-1116931.0220563451
07.689.002/0001-89;2023-12-31;1;EMBRAER S.A.;20087;DF Consolidado - Demonstração do Resultado;REAL;MIL;ÚLTIMO;2023-01-01;2023-12-31;3.07;Resultado Antes dos Tributos sobre o Lucro;558861.0;S;2023;586885.6142286462
07.689.002/0001-89;2023-12-31;1;EMBRAER S.A.;20087;DF Consolidado - Demonstração do Resultado;REAL;MIL;PENÚLTIMO;2022-01-01;2022-12-31;3.08;Imposto de Renda e Contribuição Social sobre o Lucro;15403.0;S;2022;16190.315723397618
07.689.002/0001-89;2023-12-31;1;EMBRAER S.A.;20087;DF Consolidado - Demonstração do Resultado;REAL;MIL;ÚLTIMO;2023-01-01;2023-12-31;3.08;Imposto de Renda e Contribuição Social sobre o Lucro;225494.0;S;2023;236801.610230226
07.689.002/0001-89;2023-12-31;1;EMBRAER S.A.;20087;DF Consolidado - Demonstração do Resultado;REAL;MIL;PENÚLTIMO;2022-01-01;2022-12-31;3.08.01;Corrente;-439721.0;S;2022;-462197.0927876468
07.689.002/0001-89;2023-12-31;1;EMBRAER S.A.;20087;DF Consolidado - Demonstração do Resultado;REAL;MIL;ÚLTIMO;2023-01-01;2023-12-31;3.08.01;Corrente;-537767.0;S;2023;-564733.8356172579
07.689.002/0001-89;2023-12-31;1;EMBRAER S.A.;20087;DF Consolidado - Demonstração do Resultado;REAL;MIL;PENÚLTIMO;2022-01-01;2022-12-31;3.08.02;Diferido;455124.0;S;2022;478387.4085110444
07.689.002/0001-89;2023-12-31;1;EMBRAER S.A.;20087;DF Consolidado - Demonstração do Resultado;REAL;MIL;ÚLTIMO;2023-01-01;2023-12-31;3.08.02;Diferido;763261.0;S;2023;801535.4458474839
07.689.002/0001-89;2023-12-31;1;EMBRAER S.A.;20087;DF Consolidado - Demonstração do Resultado;REAL;MIL;PENÚLTIMO;2022-01-01;2022-12-31;3.09;Resultado Líquido das Operações Continuadas;-1047213.0;S;2022;-1100740.7063329474
07.689.002/0001-89;2023-12-31;1;EMBRAER S.A.;20087;DF Consolidado - Demonstração do Resultado;REAL;MIL;ÚLTIMO;2023-01-01;2023-12-31;3.09;Resultado Líquido das Operações Continuadas;784355.0;S;2023;823687.2244588722
07.689.002/0001-89;2023-12-31;1;EMBRAER S.A.;20087;DF Consolidado - Demonstração do Resultado;REAL;MIL;PENÚLTIMO;2022-01-01;2022-12-31;3.10;Resultado Líquido de Operações Descontinuadas;0.0;S;2022;0.0
07.689.002/0001-89;2023-12-31;1;EMBRAER S.A.;20087;DF Consolidado - Demonstração do Resultado;REAL;MIL;ÚLTIMO;2023-01-01;2023-12-31;3.10;Resultado Líquido de Operações Descontinuadas;0.0;S;2023;0.0
07.689.002/0001-89;2023-12-31;1;EMBRAER S.A.;20087;DF Consolidado - Demonstração do Resultado;REAL;MIL;PENÚLTIMO;2022-01-01;2022-12-31;3.10.01;Lucro/Prejuízo Líquido das Operações Descontinuadas;0.0;S;2022;0.0
07.689.002/0001-89;2023-12-31;1;EMBRAER S.A.;20087;DF Consolidado - Demonstração do Resultado;REAL;MIL;ÚLTIMO;2023-01-01;2023-12-31;3.10.01;Lucro/Prejuízo Líquido das Operações Descontinuadas;0.0;S;2023;0.0
07.689.002/0001-89;2023-12-31;1;EMBRAER S.A.;20087;DF Consolidado - Demonstração do Resultado;REAL;MIL;PENÚLTIMO;2022-01-01;2022-12-31;3.10.02;Ganhos/Perdas Líquidas sobre Ativos de Operações Descontinuadas;0.0;S;2022;0.0
07.689.002/0001-89;2023-12-31;1;EMBRAER S.A.;20087;DF Consolidado - Demonstração do Resultado;REAL;MIL;ÚLTIMO;2023-01-01;2023-12-31;3.10.02;Ganhos/Perdas Líquidas sobre Ativos de Operações Descontinuadas;0.0;S;2023;0.0
07.689.002/0001-89;2023-12-31;1;EMBRAER S.A.;20087;DF Consolidado - Demonstração do Resultado;REAL;MIL;PENÚLTIMO;2022-01-01;2022-12-31;3.11;Lucro/Prejuízo Consolidado do Período;-1047213.0;S;2022;-1100740.7063329474
07.689.002/0001-89;2023-12-31;1;EMBRAER S.A.;20087;DF Consolidado - Demonstração do Resultado;REAL;MIL;ÚLTIMO;2023-01-01;2023-12-31;3.11;Lucro/Prejuízo Consolidado do Período;784355.0;S;2023;823687.2244588722
07.689.002/0001-89;2023-12-31;1;EMBRAER S.A.;20087;DF Consolidado - Demonstração do Resultado;REAL;MIL;PENÚLTIMO;2022-01-01;2022-12-31;3.11.01;Atribuído a Sócios da Empresa Controladora;-953656.0;S;2022;-1002401.5926451002
07.689.002/0001-89;2023-12-31;1;EMBRAER S.A.;20087;DF Consolidado - Demonstração do Resultado;REAL;MIL;ÚLTIMO;2023-01-01;2023-12-31;3.11.01;Atribuído a Sócios da Empresa Controladora;783559.0;S;2023;822851.3082848575
07.689.002/0001-89;2023-12-31;1;EMBRAER S.A.;20087;DF Consolidado - Demonstração do Resultado;REAL;MIL;PENÚLTIMO;2022-01-01;2022-12-31;3.11.02;Atribuído a Sócios Não Controladores;-93557.0;S;2022;-98339.11368784723
07.689.002/0001-89;2023-12-31;1;EMBRAER S.A.;20087;DF Consolidado - Demonstração do Resultado;REAL;MIL;ÚLTIMO;2023-01-01;2023-12-31;3.11.02;Atribuído a Sócios Não Controladores;796.0;S;2023;835.9161740146519
07.689.002/0001-89;2023-12-31;1;EMBRAER S.A.;20087;DF Consolidado - Demonstração do Resultado;REAL;MIL;PENÚLTIMO;2022-01-01;2022-12-31;3.99;Lucro por Ação - (Reais / Ação);0.0;N;2022;0.0
07.689.002/0001-89;2023-12-31;1;EMBRAER S.A.;20087;DF Consolidado - Demonstração do Resultado;REAL;MIL;ÚLTIMO;2023-01-01;2023-12-31;3.99;Lucro por Ação - (Reais / Ação);0.0;N;2023;0.0
07.689.002/0001-89;2023-12-31;1;EMBRAER S.A.;20087;DF Consolidado - Demonstração do Resultado;REAL;MIL;PENÚLTIMO;2022-01-01;2022-12-31;3.99.01;Lucro Básico por Ação;0.0;N;2022;0.0
07.689.002/0001-89;2023-12-31;1;EMBRAER S.A.;20087;DF Consolidado - Demonstração do Resultado;REAL;MIL;ÚLTIMO;2023-01-01;2023-12-31;3.99.01;Lucro Básico por Ação;0.0;N;2023;0.0
07.689.002/0001-89;2023-12-31;1;EMBRAER S.A.;20087;DF Consolidado - Demonstração do Resultado;REAL;MIL;PENÚLTIMO;2022-01-01;2022-12-31;3.99.01.01;ON;-1.29814;N;2022;-1.364493699485255
07.689.002/0001-89;2023-12-31;1;EMBRAER S.A.;20087;DF Consolidado - Demonstração do Resultado;REAL;MIL;ÚLTIMO;2023-01-01;2023-12-31;3.99.01.01;ON;1.0666;N;2023;1.1200856673417432
07.689.002/0001-89;2023-12-31;1;EMBRAER S.A.;20087;DF Consolidado - Demonstração do Resultado;REAL;MIL;PENÚLTIMO;2022-01-01;2022-12-31;3.99.02;Lucro Diluído por Ação;0.0;N;2022;0.0
07.689.002/0001-89;2023-12-31;1;EMBRAER S.A.;20087;DF Consolidado - Demonstração do Resultado;REAL;MIL;ÚLTIMO;2023-01-01;2023-12-31;3.99.02;Lucro Diluído por Ação;0.0;N;2023;0.0
07.689.002/0001-89;2023-12-31;1;EMBRAER S.A.;20087;DF Consolidado - Demonstração do Resultado;REAL;MIL;PENÚLTIMO;2022-01-01;2022-12-31;3.99.02.01;ON;-1.29814;N;2022;-1.364493699485255
07.689.002/0001-89;2023-12-31;1;EMBRAER S.A.;20087;DF Consolidado - Demonstração do Resultado;REAL;MIL;ÚLTIMO;2023-01-01;2023-12-31;3.99.02.01;ON;1.0666;N;2023;1.1200856673417432
07.689.002/0001-89;2024-12-31;1;EMBRAER S.A.;20087;DF Consolidado - Demonstração do Resultado;REAL;MIL;PENÚLTIMO;2023-01-01;2023-12-31;3.01;Receita de Venda de Bens e/ou Serviços;26110517.0;S;2023;27419853.608272016
07.689.002/0001-89;2024-12-31;1;EMBRAER S.A.;20087;DF Consolidado - Demonstração do Resultado;REAL;MIL;ÚLTIMO;2024-01-01;2024-12-31;3.01;Receita de Venda de Bens e/ou Serviços;35424174.0;S;2024;35424174.0
07.689.002/0001-89;2024-12-31;1;EMBRAER S.A.;20087;DF Consolidado - Demonstração do Resultado;REAL;MIL;PENÚLTIMO;2023-01-01;2023-12-31;3.02;Custo dos Bens e/ou Serviços Vendidos;-21607123.0;S;2023;-22690632.65028139
07.689.002/0001-89;2024-12-31;1;EMBRAER S.A.;20087;DF Consolidado - Demonstração do Resultado;REAL;MIL;ÚLTIMO;2024-01-01;2024-12-31;3.02;Custo dos Bens e/ou Serviços Vendidos;-29041940.0;S;2024;-29041940.0
07.689.002/0001-89;2024-12-31;1;EMBRAER S.A.;20087;DF Consolidado - Demonstração do Resultado;REAL;MIL;PENÚLTIMO;2023-01-01;2023-12-31;3.03;Resultado Bruto;4503394.0;S;2023;4729220.957990627
07.689.002/0001-89;2024-12-31;1;EMBRAER S.A.;20087;DF Consolidado - Demonstração do Resultado;REAL;MIL;ÚLTIMO;2024-01-01;2024-12-31;3.03;Resultado Bruto;6382234.0;S;2024;6382234.0
07.689.002/0001-89;2024-12-31;1;EMBRAER S.A.;20087;DF Consolidado - Demonstração do Resultado;REAL;MIL;PENÚLTIMO;2023-01-01;2023-12-31;3.04;Despesas/Receitas Operacionais;-2980785.0;S;2023;-3130259.2873872663
07.689.002/0001-89;2024-12-31;1;EMBRAER S.A.;20087;DF Consolidado - Demonstração do Resultado;REAL;MIL;ÚLTIMO;2024-01-01;2024-12-31;3.04;Despesas/Receitas Operacionais;-2610113.0;S;2024;-2610113.0
07.689.002/0001-89;2024-12-31;1;EMBRAER S.A.;20087;DF Consolidado - Demonstração do Resultado;REAL;MIL;PENÚLTIMO;2023-01-01;2023-12-31;3.04.01;Despesas com Vendas;-1569513.0;S;2023;-1648217.7161133897
07.689.002/0001-89;2024-12-31;1;EMBRAER S.A.;20087;DF Consolidado - Demonstração do Resultado;REAL;MIL;ÚLTIMO;2024-01-01;2024-12-31;3.04.01;Despesas com Vendas;-1671416.0;S;2024;-1671416.0
07.689.002/0001-89;2024-12-31;1;EMBRAER S.A.;20087;DF Consolidado - Demonstração do Resultado;REAL;MIL;PENÚLTIMO;2023-01-01;2023-12-31;3.04.02;Despesas Gerais e Administrativas;-1022541.0;S;2023;-1073817.2870516535
07.689.002/0001-89;2024-12-31;1;EMBRAER S.A.;20087;DF Consolidado - Demonstração do Resultado;REAL;MIL;ÚLTIMO;2024-01-01;2024-12-31;3.04.02;Despesas Gerais e Administrativas;-1074842.0;S;2024;-1074842.0
07.689.002/0001-89;2024-12-31;1;EMBRAER S.A.;20087;DF Consolidado - Demonstração do Resultado;REAL;MIL;PENÚLTIMO;2023-01-01;2023-12-31;3.04.03;Perdas pela Não Recuperabilidade de Ativos;48999.0;S;2023;51456.10126952755
07.689.002/0001-89;2024-12-31;1;EMBRAER S.A.;20087;DF Consolidado - Demonstração do Resultado;REAL;MIL;ÚLTIMO;2024-01-01;2024-12-31;3.04.03;Perdas pela Não Recuperabilidade de Ativos;-121576.0;S;2024;-121576.0
07.689.002/0001-89;2024-12-31;1;EMBRAER S.A.;20087;DF Consolidado - Demonstração do Resultado;REAL;MIL;PENÚLTIMO;2023-01-01;2023-12-31;3.04.03.01;Reversão (perda) de crédito esperada;48999.0;N;2023;51456.10126952755
07.689.002/0001-89;2024-12-31;1;EMBRAER S.A.;20087;DF Consolidado - Demonstração do Resultado;REAL;MIL;ÚLTIMO;2024-01-01;2024-12-31;3.04.03.01;Reversão (perda) de crédito esperada;-121576.0;N;2024;-121576.0
07.689.002/0001-89;2024-12-31;1;EMBRAER S.A.;20087;DF Consolidado - Demonstração do Resultado;REAL;MIL;PENÚLTIMO;2023-01-01;2023-12-31;3.04.04;Outras Receitas Operacionais;844167.0;S;2023;886498.5538560636
07.689.002/0001-89;2024-12-31;1;EMBRAER S.A.;20087;DF Consolidado - Demonstração do Resultado;REAL;MIL;ÚLTIMO;2024-01-01;2024-12-31;3.04.04;Outras Receitas Operacionais;1455864.0;S;2024;1455864.0
07.689.002/0001-89;2024-12-31;1;EMBRAER S.A.;20087;DF Consolidado - Demonstração do Resultado;REAL;MIL;PENÚLTIMO;2023-01-01;2023-12-31;3.04.05;Outras Despesas Operacionais;-1331878.0;S;2023;-1398666.2839375457
07.689.002/0001-89;2024-12-31;1;EMBRAER S.A.;20087;DF Consolidado - Demonstração do Resultado;REAL;MIL;ÚLTIMO;2024-01-01;2024-12-31;3.04.05;Outras Despesas Operacionais;-1174508.0;S;2024;-1174508.0
07.689.002/0001-89;2024-12-31;1;EMBRAER S.A.;20087;DF Consolidado - Demonstração do Resultado;REAL;MIL;PENÚLTIMO;2023-01-01;2023-12-31;3.04.05.01;Pesquisa;-452755.0;N;2023;-475458.8283492509
07.689.002/0001-89;2024-12-31;1;EMBRAER S.A.;20087;DF Consolidado - Demonstração do Resultado;REAL;MIL;ÚLTIMO;2024-01-01;2024-12-31;3.04.05.01;Pesquisa;-298148.0;N;2024;-298148.0
07.689.002/0001-89;2024-12-31;1;EMBRAER S.A.;20087;DF Consolidado - Demonstração do Resultado;REAL;MIL;PENÚLTIMO;2023-01-01;2023-12-31;3.04.05.02;Despesas Operacionais;-879123.0;N;2023;-923207.455588295
07.689.002/0001-89;2024-12-31;1;EMBRAER S.A.;20087;DF Consolidado - Demonstração do Resultado;REAL;MIL;ÚLTIMO;2024-01-01;2024-12-31;3.04.05.02;Despesas Operacionais;-876360.0;N;2024;-876360.0
07.689.002/0001-89;2024-12-31;1;EMBRAER S.A.;20087;DF Consolidado - Demonstração do Resultado;REAL;MIL;PENÚLTIMO;2023-01-01;2023-12-31;3.04.06;Resultado de Equivalência Patrimonial;49981.0;S;2023;52487.344589731554
07.689.002/0001-89;2024-12-31;1;EMBRAER S.A.;20087;DF Consolidado - Demonstração do Resultado;REAL;MIL;ÚLTIMO;2024-01-01;2024-12-31;3.04.06;Resultado de Equivalência Patrimonial;-23635.0;S;2024;-23635.0
07.689.002/0001-89;2024-12-31;1;EMBRAER S.A.;20087;DF Consolidado - Demonstração do Resultado;REAL;MIL;PENÚLTIMO;2023-01-01;2023-12-31;3.05;Resultado Antes do Resultado Financeiro e dos Tributos;1522609.0;S;2023;1598961.6706033605
07.689.002/0001-89;2024-12-31;1;EMBRAER S.A.;20087;DF Consolidado - Demonstração do Resultado;REAL;MIL;ÚLTIMO;2024-01-01;2024-12-31;3.05;Resultado Antes do Resultado Financeiro e dos Tributos;3772121.0;S;2024;3772121.0
07.689.002/0001-89;2024-12-31;1;EMBRAER S.A.;20087;DF Consolidado - Demonstração do Resultado;REAL;MIL;PENÚLTIMO;2023-01-01;2023-12-31;3.06;Resultado Financeiro;-963748.0;S;2023;-1012076.0563747145
07.689.002/0001-89;2024-12-31;1;EMBRAER S.A.;20087;DF Consolidado - Demonstração do Resultado;REAL;MIL;ÚLTIMO;2024-01-01;2024-12-31;3.06;Resultado Financeiro;-663190.0;S;2024;-663190.0
07.689.002/0001-89;2024-12-31;1;EMBRAER S.A.;20087;DF Consolidado - Demonstração do Resultado;REAL;MIL;PENÚLTIMO;2023-01-01;2023-12-31;3.06.01;Receitas Financeiras;974702.0;S;2023;1023579.3550809412
07.689.002/0001-89;2024-12-31;1;EMBRAER S.A.;20087;DF Consolidado - Demonstração do Resultado;REAL;MIL;ÚLTIMO;2024-01-01;2024-12-31;3.06.01;Receitas Financeiras;1122030.0;S;2024;1122030.0
07.689.002/0001-89;2024-12-31;1;EMBRAER S.A.;20087;DF Consolidado - Demonstração do Resultado;REAL;MIL;PENÚLTIMO;2023-01-01;2023-12-31;3.06.01.01;Variações Monetárias Ativas;138972.0;N;2023;145940.88258186457
07.689.002/0001-89;2024-12-31;1;EMBRAER S.A.;20087;DF Consolidado - Demonstração do Resultado;REAL;MIL;ÚLTIMO;2024-01-01;2024-12-31;3.06.01.01;Variações Monetárias Ativas;-526858.0;N;2024;-526858.0
07.689.002/0001-89;2024-12-31;1;EMBRAER S.A.;20087;DF Consolidado - Demonstração do Resultado;REAL;MIL;PENÚLTIMO;2023-01-01;2023-12-31;3.06.01.02;Receitas Financeiras;835730.0;N;2023;877638.4724990766
07.689.002/0001-89;2024-12-31;1;EMBRAER S.A.;20087;DF Consolidado - Demonstração do Resultado;REAL;MIL;ÚLTIMO;2024-01-01;2024-12-31;3.06.01.02;Receitas Financeiras;1648888.0;N;2024;1648888.0
07.689.002/0001-89;2024-12-31;1;EMBRAER S.A.;20087;DF Consolidado - Demonstração do Resultado;REAL;MIL;PENÚLTIMO;2023-01-01;2023-12-31;3.06.02;Despesas Financeiras;-1938450.0;S;2023;-2035655.4114556557
07.689.002/0001-89;2024-12-31;1;EMBRAER S.A.;20087;DF Consolidado - Demonstração do Resultado;REAL;MIL;ÚLTIMO;2024-01-01;2024-12-31;3.06.02;Despesas Financeiras;-1785220.0;S;2024;-1785220.0
07.689.002/0001-89;2024-12-31;1;EMBRAER S.A.;20087;DF Consolidado - Demonstração do Resultado;REAL;MIL;PENÚLTIMO;2023-01-01;2023-12-31;3.06.02.01;Variações Monetárias Passivas;-140944.0;N;2023;-148011.77038985063
07.689.002/0001-89;2024-12-31;1;EMBRAER S.A.;20087;DF Consolidado - Demonstração do Resultado;REAL;MIL;ÚLTIMO;2024-01-01;2024-12-31;3.06.02.01;Variações Monetárias Passivas;494933.0;N;2024;494933.0
07.689.002/0001-89;2024-12-31;1;EMBRAER S.A.;20087;DF Consolidado - Demonstração do Resultado;REAL;MIL;PENÚLTIMO;2023-01-01;2023-12-31;3.06.02.02;Despesas Financeiras;-1797506.0;N;2023;-1887643.641065805
07.689.002/0001-89;2024-12-31;1;EMBRAER S.A.;20087;DF Consolidado - Demonstração do Resultado;REAL;MIL;ÚLTIMO;2024-01-01;2024-12-31;3.06.02.02;Despesas Financeiras;-2280153.0;N;2024;-2280153.0
07.689.002/0001-89;2024-12-31;1;EMBRAER S.A.;20087;DF Consolidado - Demonstração do Resultado;REAL;MIL;PENÚLTIMO;2023-01-01;2023-12-31;3.07;Resultado Antes dos Tributos sobre o Lucro;558861.0;S;2023;586885.6142286462
07.689.002/0001-89;2024-12-31;1;EMBRAER S.A.;20087;DF Consolidado - Demonstração do Resultado;REAL;MIL;ÚLTIMO;2024-01-01;2024-12-31;3.07;Resultado Antes dos Tributos sobre o Lucro;3108931.0;S;2024;3108931.0
07.689.002/0001-89;2024-12-31;1;EMBRAER S.A.;20087;DF Consolidado - Demonstração do Resultado;REAL;MIL;PENÚLTIMO;2023-01-01;2023-12-31;3.08;Imposto de Renda e Contribuição Social sobre o Lucro;225494.0;S;2023;236801.610230226
07.689.002/0001-89;2024-12-31;1;EMBRAER S.A.;20087;DF Consolidado - Demonstração do Resultado;REAL;MIL;ÚLTIMO;2024-01-01;2024-12-31;3.08;Imposto de Renda e Contribuição Social sobre o Lucro;-1185100.0;S;2024;-1185100.0
07.689.002/0001-89;2024-12-31;1;EMBRAER S.A.;20087;DF Consolidado - Demonstração do Resultado;REAL;MIL;PENÚLTIMO;2023-01-01;2023-12-31;3.08.01;Corrente;-537767.0;S;2023;-564733.8356172579
07.689.002/0001-89;2024-12-31;1;EMBRAER S.A.;20087;DF Consolidado - Demonstração do Resultado;REAL;MIL;ÚLTIMO;2024-01-01;2024-12-31;3.08.01;Corrente;-506974.0;S;2024;-506974.0
07.689.002/0001-89;2024-12-31;1;EMBRAER S.A.;20087;DF Consolidado - Demonstração do Resultado;REAL;MIL;PENÚLTIMO;2023-01-01;2023-12-31;3.08.02;Diferido;763261.0;S;2023;801535.4458474839
07.689.002/0001-89;2024-12-31;1;EMBRAER S.A.;20087;DF Consolidado - Demonstração do Resultado;REAL;MIL;ÚLTIMO;2024-01-01;2024-12-31;3.08.02;Diferido;-678126.0;S;2024;-678126.0
07.689.002/0001-89;2024-12-31;1;EMBRAER S.A.;20087;DF Consolidado - Demonstração do Resultado;REAL;MIL;PENÚLTIMO;2023-01-01;2023-12-31;3.09;Resultado Líquido das Operações Continuadas;784355.0;S;2023;823687.2244588722
07.689.002/0001-89;2024-12-31;1;EMBRAER S.A.;20087;DF Consolidado - Demonstração do Resultado;REAL;MIL;ÚLTIMO;2024-01-01;2024-12-31;3.09;Resultado Líquido das Operações Continuadas;1923831.0;S;2024;1923831.0
07.689.002/0001-89;2024-12-31;1;EMBRAER S.A.;20087;DF Consolidado - Demonstração do Resultado;REAL;MIL;PENÚLTIMO;2023-01-01;2023-12-31;3.10;Resultado Líquido de Operações Descontinuadas;0.0;S;2023;0.0
07.689.002/0001-89;2024-12-31;1;EMBRAER S.A.;20087;DF Consolidado - Demonstração do Resultado;REAL;MIL;ÚLTIMO;2024-01-01;2024-12-31;3.10;Resultado Líquido de Operações Descontinuadas;0.0;S;2024;0.0
07.689.002/0001-89;2024-12-31;1;EMBRAER S.A.;20087;DF Consolidado - Demonstração do Resultado;REAL;MIL;PENÚLTIMO;2023-01-01;2023-12-31;3.10.01;Lucro/Prejuízo Líquido das Operações Descontinuadas;0.0;S;2023;0.0
07.689.002/0001-89;2024-12-31;1;EMBRAER S.A.;20087;DF Consolidado - Demonstração do Resultado;REAL;MIL;ÚLTIMO;2024-01-01;2024-12-31;3.10.01;Lucro/Prejuízo Líquido das Operações Descontinuadas;0.0;S;2024;0.0
07.689.002/0001-89;2024-12-31;1;EMBRAER S.A.;20087;DF Consolidado - Demonstração do Resultado;REAL;MIL;PENÚLTIMO;2023-01-01;2023-12-31;3.10.02;Ganhos/Perdas Líquidas sobre Ativos de Operações Descontinuadas;0.0;S;2023;0.0
07.689.002/0001-89;2024-12-31;1;EMBRAER S.A.;20087;DF Consolidado - Demonstração do Resultado;REAL;MIL;ÚLTIMO;2024-01-01;2024-12-31;3.10.02;Ganhos/Perdas Líquidas sobre Ativos de Operações Descontinuadas;0.0;S;2024;0.0
07.689.002/0001-89;2024-12-31;1;EMBRAER S.A.;20087;DF Consolidado - Demonstração do Resultado;REAL;MIL;PENÚLTIMO;2023-01-01;2023-12-31;3.11;Lucro/Prejuízo Consolidado do Período;784355.0;S;2023;823687.2244588722
07.689.002/0001-89;2024-12-31;1;EMBRAER S.A.;20087;DF Consolidado - Demonstração do Resultado;REAL;MIL;ÚLTIMO;2024-01-01;2024-12-31;3.11;Lucro/Prejuízo Consolidado do Período;1923831.0;S;2024;1923831.0
07.689.002/0001-89;2024-12-31;1;EMBRAER S.A.;20087;DF Consolidado - Demonstração do Resultado;REAL;MIL;PENÚLTIMO;2023-01-01;2023-12-31;3.11.01;Atribuído a Sócios da Empresa Controladora;783559.0;S;2023;822851.3082848575
07.689.002/0001-89;2024-12-31;1;EMBRAER S.A.;20087;DF Consolidado - Demonstração do Resultado;REAL;MIL;ÚLTIMO;2024-01-01;2024-12-31;3.11.01;Atribuído a Sócios da Empresa Controladora;1918850.0;S;2024;1918850.0
07.689.002/0001-89;2024-12-31;1;EMBRAER S.A.;20087;DF Consolidado - Demonstração do Resultado;REAL;MIL;PENÚLTIMO;2023-01-01;2023-12-31;3.11.02;Atribuído a Sócios Não Controladores;796.0;S;2023;835.9161740146519
07.689.002/0001-89;2024-12-31;1;EMBRAER S.A.;20087;DF Consolidado - Demonstração do Resultado;REAL;MIL;ÚLTIMO;2024-01-01;2024-12-31;3.11.02;Atribuído a Sócios Não Controladores;4981.0;S;2024;4981.0
07.689.002/0001-89;2024-12-31;1;EMBRAER S.A.;20087;DF Consolidado - Demonstração do Resultado;REAL;MIL;PENÚLTIMO;2023-01-01;2023-12-31;3.99;Lucro por Ação - (Reais / Ação);0.0;N;2023;0.0
07.689.002/0001-89;2024-12-31;1;EMBRAER S.A.;20087;DF Consolidado - Demonstração do Resultado;REAL;MIL;ÚLTIMO;2024-01-01;2024-12-31;3.99;Lucro por Ação - (Reais / Ação);0.0;N;2024;0.0
07.689.002/0001-89;2024-12-31;1;EMBRAER S.A.;20087;DF Consolidado - Demonstração do Resultado;REAL;MIL;PENÚLTIMO;2023-01-01;2023-12-31;3.99.01;Lucro Básico por Ação;0.0;N;2023;0.0
07.689.002/0001-89;2024-12-31;1;EMBRAER S.A.;20087;DF Consolidado - Demonstração do Resultado;REAL;MIL;ÚLTIMO;2024-01-01;2024-12-31;3.99.01;Lucro Básico por Ação;0.0;N;2024;0.0
07.689.002/0001-89;2024-12-31;1;EMBRAER S.A.;20087;DF Consolidado - Demonstração do Resultado;REAL;MIL;PENÚLTIMO;2023-01-01;2023-12-31;3.99.01.01;ON;1.0666;N;2023;1.1200856673417432
07.689.002/0001-89;2024-12-31;1;EMBRAER S.A.;20087;DF Consolidado - Demonstração do Resultado;REAL;MIL;ÚLTIMO;2024-01-01;2024-12-31;3.99.01.01;ON;2.612;N;2024;2.612
07.689.002/0001-89;2024-12-31;1;EMBRAER S.A.;20087;DF Consolidado - Demonstração do Resultado;REAL;MIL;PENÚLTIMO;2023-01-01;2023-12-31;3.99.02;Lucro Diluído por Ação;0.0;N;2023;0.0
07.689.002/0001-89;2024-12-31;1;EMBRAER S.A.;20087;DF Consolidado - Demonstração do Resultado;REAL;MIL;ÚLTIMO;2024-01-01;2024-12-31;3.99.02;Lucro Diluído por Ação;0.0;N;2024;0.0
07.689.002/0001-89;2024-12-31;1;EMBRAER S.A.;20087;DF Consolidado - Demonstração do Resultado;REAL;MIL;PENÚLTIMO;2023-01-01;2023-12-31;3.99.02.01;ON;1.0666;N;2023;1.1200856673417432
07.689.002/0001-89;2024-12-31;1;EMBRAER S.A.;20087;DF Consolidado - Demonstração do Resultado;REAL;MIL;ÚLTIMO;2024-01-01;2024-12-31;3.99.02.01;ON;2.612;N;2024;2.612
